player_name,club,position,minutes_played,match_played,goals,assists,distance_covered,goals_right_foot,goals_left_foot,goals_headers,goals_penalties,goals_inside_area,goals_outside_area,total_attempts,shots_on_target,shots_off_target,shots_blocked,corner_taken,offsides,dribbles,tackles,tackles_won,tackles_lost,balls_recovered,pass_attempted,pass_completed,pass_accuracy,cross_accuracy,fouls_committed,fouls_suffered,red_cards,yellow_cards,gk_saved,gk_conceded,gk_clean_sheets,gk_saved_penalties,gk_punches,goals_per_90,assists_per_90,ga_per_90,fouls_per_90,save_rate,pass_completion_pct,pots_score
Courtois,Real Madrid,Goalkeeper,302.0,13,0.0,0.0,64.2,,,,,,,,,,,,,,,,,,483.0,365.0,76.7,0.0,,,,,13.0,14.0,5.0,1.0,4.0,0.0,0.0,0.0,0.0,0.481,75.57,14.09
Vinícius Júnior,Real Madrid,Forward,302.0,13,4.0,6.0,133.0,3.0,1.0,0.0,0.0,4.0,0.0,27.0,8.0,10.0,9.0,3.0,4.0,83.0,11.0,3.0,8.0,29.0,451.0,377.0,83.1,31.0,13.0,24.0,1.0,0.0,,,,,,1.192,1.788,2.98,3.874,,83.59,35.91
Benzema,Real Madrid,Forward,1106.0,12,15.0,1.0,121.5,11.0,1.0,3.0,3.0,13.0,2.0,45.0,23.0,13.0,9.0,2.0,9.0,18.0,1.0,1.0,0.0,6.0,523.0,433.0,83.1,20.0,2.0,4.0,1.0,0.0,,,,,,1.221,0.081,1.302,0.163,,82.79,51.56
Modrić,Real Madrid,Midfielder,1077.0,13,0.0,4.0,124.5,,,,,,,14.0,5.0,3.0,6.0,10.0,0.0,8.0,9.0,3.0,6.0,39.0,799.0,723.0,89.8,25.0,3.0,8.0,1.0,0.0,,,,,,0.0,0.334,0.334,0.251,,90.49,25.73
Éder Militão,Real Madrid,Defender,1076.0,12,0.0,0.0,110.4,,,,,,,9.0,4.0,1.0,0.0,,,,19.0,6.0,13.0,76.0,643.0,563.0,87.5,0.0,17.0,16.0,4.0,0.0,,,,,,0.0,0.0,0.0,1.422,,87.56,20.39
Alaba,Real Madrid,Defender,1040.0,12,1.0,0.0,112.3,0.0,1.0,0.0,0.0,0.0,1.0,5.0,1.0,1.0,3.0,,,,18.0,12.0,6.0,49.0,657.0,606.0,92.3,11.0,9.0,1.0,1.0,0.0,,,,,,0.087,0.0,0.087,0.779,,92.24,23.66
Carvajal,Real Madrid,Defender,959.0,11,0.0,1.0,112.8,,,,,,,5.0,2.0,3.0,0.0,0.0,1.0,9.0,12.0,6.0,6.0,50.0,576.0,503.0,87.3,34.0,15.0,6.0,3.0,0.0,,,,,,0.0,0.094,0.094,1.408,,87.33,21.61
Casemiro,Real Madrid,Midfielder,914.0,11,0.0,0.0,107.6,,,,,,,10.0,2.0,6.0,2.0,,,,31.0,13.0,18.0,76.0,538.0,482.0,89.1,25.0,17.0,18.0,3.0,0.0,,,,,,0.0,0.0,0.0,1.674,,89.59,20.97
Kroos,Real Madrid,Midfielder,902.0,12,2.0,0.0,34.55,1.0,1.0,0.0,0.0,0.0,2.0,12.0,7.0,1.0,4.0,,,,11.0,5.0,6.0,37.0,814.0,752.0,91.9,20.0,7.0,18.0,0.0,0.0,,,,,,0.2,0.0,0.2,0.698,,92.38,17.145
Mendy,Real Madrid,Defender,867.0,10,0.0,0.0,96.3,,,,,,,2.0,0.0,1.0,0.0,0.0,0.0,8.0,6.0,5.0,1.0,36.0,413.0,376.0,91.1,25.0,7.0,7.0,3.0,0.0,,,,,,0.0,0.0,0.0,0.727,,91.04,19.24
Valverde,Real Madrid,Midfielder,804.0,11,0.0,1.0,96.7,,,,,,,9.0,0.0,4.0,5.0,0.0,3.0,10.0,13.0,7.0,6.0,29.0,395.0,336.0,85.4,20.0,4.0,5.0,2.0,0.0,,,,,,0.0,0.112,0.112,0.448,,85.06,19.91
Nacho,Real Madrid,Defender,574.0,9,0.0,0.0,61.9,,,,,,,1.0,0.0,1.0,0.0,,,,10.0,4.0,6.0,27.0,304.0,283.0,91.0,16.0,7.0,7.0,2.0,0.0,,,,,,0.0,0.0,0.0,1.098,,93.09,15.69
Rodrygo,Real Madrid,Forward,505.0,11,5.0,2.0,65.7,2.0,2.0,1.0,0.0,5.0,0.0,23.0,10.0,7.0,6.0,1.0,1.0,20.0,2.0,1.0,1.0,14.0,209.0,183.0,77.6,38.0,5.0,11.0,1.0,0.0,,,,,,0.891,0.356,1.248,0.891,,87.56,26.43
Lucas Vázquez,Real Madrid,Midfielder,349.0,8,0.0,1.0,47.4,,,,,,,,,,,0.0,0.0,6.0,2.0,0.0,2.0,13.0,239.0,207.0,83.6,25.0,4.0,8.0,1.0,0.0,,,,,,0.0,0.258,0.258,1.032,,86.61,14.1
Camavinga,Real Madrid,Midfielder,296.0,10,0.0,1.0,40.2,,,,,,,2.0,0.0,2.0,0.0,0.0,1.0,2.0,17.0,9.0,8.0,19.0,179.0,158.0,87.7,0.0,5.0,10.0,1.0,0.0,,,,,,0.0,0.304,0.304,1.52,,88.27,14.69
Asensio,Real Madrid,Forward,207.0,8,1.0,2.0,28.4,0.0,1.0,0.0,0.0,0.0,1.0,5.0,3.0,0.0,2.0,5.0,0.0,1.0,1.0,0.0,1.0,3.0,89.0,75.0,72.6,25.0,2.0,0.0,0.0,0.0,,,,,,0.435,0.87,1.304,0.87,,84.27,14.1
Jović,Real Madrid,Forward,113.0,3,0.0,0.0,12.9,,,,,,,4.0,1.0,2.0,1.0,,,,0.0,0.0,0.0,1.0,40.0,36.0,90.3,0.0,1.0,3.0,1.0,0.0,,,,,,0.0,0.0,0.0,0.796,,90.0,10.32
Marcelo,Real Madrid,Defender,93.0,3,0.0,0.0,10.7,,,,,,,2.0,0.0,1.0,1.0,,,,0.0,0.0,0.0,4.0,63.0,55.0,85.0,33.0,1.0,0.0,0.0,0.0,,,,,,0.0,0.0,0.0,0.968,,87.3,9.57
E. Hazard,Real Madrid,Forward,84.0,3,0.0,0.0,10.8,,,,,,,3.0,3.0,0.0,0.0,,,,0.0,0.0,0.0,1.0,,,,,1.0,3.0,0.0,0.0,,,,,,0.0,0.0,0.0,1.071,,,1.08
Miguel Gutiérrez,Real Madrid,Defender,66.0,1,0.0,0.0,7.7,,,,,,,1.0,0.0,1.0,0.0,,,,1.0,1.0,1.0,1.0,,,,,,,,,,,,,,0.0,0.0,0.0,0.0,,,0.87
Ceballos,Real Madrid,Midfielder,37.0,5,0.0,0.0,7.8,,,,,,,,,,,,,,2.0,1.0,1.0,2.0,,,,,,,,,,,,,,0.0,0.0,0.0,0.0,,,0.88
Mariano Díaz,Real Madrid,Forward,12.0,1,0.0,0.0,1.6,,,,,,,,,,,,,,,,,,,,,,,,,,,,,,,0.0,0.0,0.0,0.0,,,0.16
Vallejo,Real Madrid,Defender,8.0,2,0.0,0.0,1.5,,,,,,,,,,,,,,0.0,0.0,0.0,2.0,,,,,,,,,,,,,,0.0,0.0,0.0,0.0,,,0.15
Bale,Real Madrid,Forward,7.0,2,0.0,0.0,2.2,,,,,,,,,,,,,,,,,,,,,,,,,,,,,,,0.0,0.0,0.0,0.0,,,0.22
Blanco,Real Madrid,Midfielder,6.0,1,0.0,0.0,1.3,,,,,,,,,,,,,,,,,,,,,,,,,,,,,,,0.0,0.0,0.0,0.0,,,0.13
Alisson Becker,Liverpool,Goalkeeper,1170.0,13,0.0,0.0,68.8,,,,,,,,,,,,,,,,,,461.0,415.0,89.7,0.0,,,,,15.0,14.0,4.0,0.0,3.0,0.0,0.0,0.0,0.0,0.517,90.02,15.85
Salah,Liverpool,Forward,1008.0,13,8.0,2.0,112.0,0.0,8.0,0.0,1.0,7.0,1.0,42.0,22.0,11.0,9.0,0.0,5.0,49.0,0.0,0.0,0.0,12.0,426.0,346.0,81.2,9.0,4.0,12.0,0.0,0.0,,,,,,0.714,0.179,0.893,0.357,,81.22,37.32
Fabinho,Liverpool,Midfielder,849.0,13,1.0,0.0,105.5,1.0,0.0,0.0,0.0,1.0,0.0,5.0,1.0,2.0,2.0,,,,23.0,9.0,14.0,74.0,595.0,549.0,90.3,0.0,14.0,11.0,1.0,0.0,,,,,,0.106,0.0,0.106,1.484,,92.27,22.48
Robertson,Liverpool,Defender,826.0,10,0.0,2.0,97.7,,,,,,,5.0,2.0,2.0,1.0,27.0,1.0,9.0,4.0,3.0,1.0,44.0,628.0,512.0,81.1,25.0,5.0,3.0,1.0,0.0,,,,,,0.0,0.218,0.218,0.545,,81.53,20.18
Mané,Liverpool,Midfielder,822.0,13,5.0,1.0,100.3,2.0,3.0,0.0,0.0,5.0,0.0,21.0,8.0,6.0,7.0,0.0,9.0,17.0,4.0,1.0,3.0,9.0,278.0,219.0,79.0,30.0,16.0,19.0,2.0,0.0,,,,,,0.547,0.109,0.657,1.752,,78.78,29.03
Van Dijk,Liverpool,Defender,810.0,9,0.0,1.0,82.8,,,,,,,6.0,3.0,1.0,2.0,0.0,2.0,0.0,3.0,2.0,1.0,62.0,667.0,609.0,83.0,0.0,4.0,2.0,1.0,0.0,,,,,,0.0,0.111,0.111,0.444,,91.3,17.78
Alexander-Arnold,Liverpool,Defender,794.0,9,0.0,4.0,86.8,,,,,,,12.0,1.0,6.0,5.0,36.0,0.0,9.0,1.0,0.0,1.0,51.0,685.0,556.0,80.0,29.0,5.0,6.0,2.0,0.0,,,,,,0.0,0.453,0.453,0.567,,81.17,20.68
Konaté,Liverpool,Defender,720.0,8,2.0,0.0,78.5,0.0,0.0,2.0,0.0,2.0,0.0,6.0,1.0,3.0,1.0,,,,16.0,11.0,5.0,53.0,515.0,465.0,89.5,0.0,11.0,3.0,1.0,0.0,,,,,,0.25,0.0,0.25,1.375,,90.29,21.9
Henderson,Liverpool,Midfielder,666.0,12,1.0,2.0,85.7,1.0,0.0,0.0,0.0,0.0,1.0,12.0,4.0,4.0,4.0,0.0,0.0,2.0,3.0,1.0,2.0,29.0,602.0,530.0,86.2,35.0,10.0,4.0,0.0,0.0,,,,,,0.135,0.27,0.405,1.351,,88.04,21.29
Matip,Liverpool,Defender,630.0,7,0.0,0.0,66.2,,,,,,,5.0,2.0,2.0,1.0,,,,5.0,1.0,4.0,34.0,498.0,467.0,94.2,0.0,6.0,1.0,1.0,0.0,,,,,,0.0,0.0,0.0,0.857,,93.78,16.14
Thiago Alcántara,Liverpool,Midfielder,604.0,10,1.0,0.0,77.9,1.0,0.0,0.0,0.0,0.0,1.0,9.0,3.0,6.0,1.0,,,,16.0,11.0,5.0,40.0,553.0,508.0,91.8,50.0,5.0,7.0,1.0,0.0,,,,,,0.149,0.0,0.149,0.745,,91.86,20.07
Diogo Jota,Liverpool,Forward,578.0,11,1.0,1.0,73.9,0.0,0.0,1.0,0.0,1.0,0.0,16.0,7.0,4.0,5.0,0.0,4.0,19.0,7.0,2.0,5.0,13.0,234.0,189.0,80.5,0.0,11.0,6.0,2.0,0.0,,,,,,0.156,0.156,0.311,1.713,,80.77,18.64
Keïta,Liverpool,Midfielder,487.0,10,1.0,2.0,61.5,1.0,0.0,0.0,0.0,0.0,1.0,14.0,2.0,8.0,4.0,0.0,0.0,6.0,8.0,2.0,6.0,21.0,354.0,313.0,87.9,0.0,15.0,7.0,0.0,0.0,,,,,,0.185,0.37,0.554,2.772,,88.42,19.14
Luis Díaz,Liverpool,Forward,385.0,7,2.0,1.0,49.9,2.0,1.0,1.0,0.0,4.0,0.0,,,,,0.0,2.0,42.0,8.0,3.0,5.0,16.0,341.0,282.0,83.8,18.0,,,,,,,,,,0.468,0.234,0.701,0.0,,82.7,18.67
Tsimikas,Liverpool,Defender,344.0,5,0.0,2.0,42.7,,,,,,,,,,,16.0,0.0,4.0,2.0,1.0,1.0,26.0,201.0,165.0,78.6,22.0,4.0,8.0,0.0,0.0,,,,,,0.0,0.523,0.523,1.047,,82.09,14.23
Firmino,Liverpool,Midfielder,323.0,7,5.0,0.0,43.0,3.0,1.0,1.0,0.0,4.0,1.0,13.0,5.0,2.0,1.0,,,,2.0,1.0,1.0,17.0,176.0,150.0,85.7,0.0,4.0,2.0,0.0,0.0,,,,,,1.393,0.0,1.393,1.115,,85.23,22.97
Oxlade-Chamberlain,Liverpool,Midfielder,300.0,6,0.0,1.0,38.6,,,,,,,10.0,3.0,4.0,3.0,9.0,0.0,6.0,1.0,1.0,0.0,17.0,165.0,141.0,83.0,20.0,2.0,2.0,0.0,0.0,,,,,,0.0,0.3,0.3,0.6,,85.45,13.26
Gomez,Liverpool,Defender,245.0,7,0.0,0.0,30.4,,,,,,,1.0,1.0,0.0,0.0,,,,0.0,0.0,0.0,14.0,200.0,173.0,75.4,0.0,1.0,0.0,0.0,0.0,,,,,,0.0,0.0,0.0,0.367,,86.5,10.58
Minamino,Liverpool,Forward,215.0,4,0.0,0.0,29.7,,,,,,,2.0,0.0,2.0,0.0,,,,2.0,0.0,2.0,6.0,76.0,69.0,93.0,0.0,3.0,3.0,0.0,0.0,,,,,,0.0,0.0,0.0,1.256,,90.79,12.27
Milner,Liverpool,Midfielder,211.0,8,0.0,1.0,32.0,,,,,,,2.0,1.0,0.0,1.0,4.0,0.0,1.0,6.0,3.0,3.0,5.0,157.0,116.0,57.5,22.0,12.0,4.0,3.0,0.0,,,,,,0.0,0.427,0.427,5.118,,73.89,10.25
Origi,Liverpool,Forward,187.0,7,1.0,1.0,23.8,0.0,0.0,1.0,0.0,1.0,0.0,12.0,2.0,8.0,2.0,0.0,0.0,3.0,1.0,0.0,1.0,5.0,47.0,35.0,74.7,0.0,4.0,6.0,0.0,0.0,,,,,,0.481,0.481,0.963,1.925,,74.47,12.85
Jones,Liverpool,Midfielder,185.0,4,0.0,2.0,27.1,,,,,,,7.0,4.0,1.0,2.0,0.0,1.0,0.0,0.0,0.0,0.0,6.0,132.0,118.0,86.3,0.0,3.0,5.0,0.0,0.0,,,,,,0.0,0.973,0.973,1.459,,89.39,13.34
N. Williams,Liverpool,Defender,180.0,3,0.0,0.0,23.5,,,,,,,3.0,1.0,1.0,1.0,,,,6.0,2.0,4.0,10.0,100.0,76.0,73.0,0.0,4.0,4.0,0.0,0.0,,,,,,0.0,0.0,0.0,2.0,,76.0,9.85
Morton,Liverpool,Midfielder,180.0,2,0.0,0.0,23.5,,,,,,,,,,,,,,5.0,4.0,1.0,9.0,76.0,67.0,88.0,0.0,1.0,1.0,0.0,0.0,,,,,,0.0,0.0,0.0,0.5,,88.16,11.55
Phillips,Liverpool,Defender,91.0,2,0.0,0.0,11.2,,,,,,,,,,,,,,1.0,1.0,0.0,5.0,37.0,33.0,44.5,0.0,2.0,0.0,0.0,0.0,,,,,,0.0,0.0,0.0,1.978,,89.19,5.67
Elliott,Liverpool,Midfielder,59.0,1,0.0,0.0,7.9,,,,,,,,,,,,,,,,,,,,,,,,,,,,,,,0.0,0.0,0.0,0.0,,,0.79
Woltman,Liverpool,Midfielder,1.0,1,0.0,0.0,0.4,,,,,,,,,,,,,,,,,,,,,,,,,,,,,,,0.0,0.0,0.0,0.0,,,0.04
Bradley,Liverpool,Midfielder,1.0,1,0.0,0.0,0.4,,,,,,,,,,,,,,,,,,,,,,,,,,,,,,,0.0,0.0,0.0,0.0,,,0.04
Pau Torres,Villarreal,Defender,1080.0,12,1.0,0.0,124.2,1.0,0.0,0.0,0.0,1.0,0.0,4.0,1.0,3.0,0.0,,,,7.0,3.0,4.0,49.0,506.0,457.0,88.0,0.0,3.0,2.0,1.0,0.0,,,,,,0.083,0.0,0.083,0.25,,90.32,23.52
Rulli,Villarreal,Goalkeeper,1080.0,12,0.0,0.0,61.2,,,,,,,,,,,,,,,,,,489.0,332.0,68.2,0.0,,,,,41.0,16.0,3.0,0.0,12.0,0.0,0.0,0.0,0.0,0.719,67.89,12.94
Parejo,Villarreal,Midfielder,1055.0,12,1.0,3.0,130.9,0.0,1.0,0.0,0.0,1.0,0.0,5.0,1.0,4.0,0.0,36.0,0.0,4.0,17.0,8.0,9.0,48.0,657.0,560.0,84.3,56.0,4.0,17.0,2.0,0.0,,,,,,0.085,0.256,0.341,0.341,,85.24,27.32
Capoue,Villarreal,Midfielder,1046.0,12,2.0,4.0,130.9,1.0,1.0,0.0,0.0,2.0,0.0,9.0,1.0,4.0,2.0,0.0,0.0,17.0,11.0,1.0,10.0,62.0,491.0,438.0,87.2,50.0,19.0,17.0,3.0,1.0,,,,,,0.172,0.344,0.516,1.635,,89.21,29.91
Albiol,Villarreal,Defender,1045.0,12,0.0,0.0,115.7,,,,,,,2.0,0.0,1.0,1.0,,,,9.0,6.0,3.0,73.0,440.0,385.0,85.9,0.0,9.0,6.0,1.0,0.0,,,,,,0.0,0.0,0.0,0.775,,87.5,20.76
Ederson,Man. City,Goalkeeper,1003.0,11,0.0,0.0,51.6,,,,,,,,,,,,,,,,,,318.0,277.0,89.9,0.0,,,,,14.0,14.0,4.0,0.0,1.0,0.0,0.0,0.0,0.0,0.5,87.11,14.15
Mahrez,Man. City,Midfielder,986.0,12,7.0,2.0,120.1,1.0,4.0,2.0,2.0,7.0,0.0,37.0,18.0,8.0,11.0,30.0,5.0,28.0,6.0,1.0,5.0,20.0,482.0,414.0,83.0,24.0,6.0,20.0,1.0,0.0,,,,,,0.639,0.183,0.822,0.548,,85.89,36.41
Danjuma,Villarreal,Midfielder,906.0,11,6.0,2.0,107.8,3.0,3.0,0.0,1.0,6.0,0.0,25.0,14.0,5.0,6.0,3.0,8.0,31.0,1.0,0.0,1.0,3.0,165.0,128.0,83.0,38.0,6.0,7.0,0.0,0.0,,,,,,0.596,0.199,0.795,0.596,,77.58,33.08
Vertonghen,Benfica,Defender,900.0,10,0.0,1.0,97.9,,,,,,,7.0,2.0,3.0,2.0,0.0,0.0,3.0,9.0,6.0,3.0,51.0,424.0,360.0,83.3,0.0,5.0,4.0,0.0,0.0,,,,,,0.0,0.1,0.1,0.5,,84.91,19.72
Vlachodimos,Benfica,Goalkeeper,900.0,10,0.0,0.0,55.4,,,,,,,,,,,,,,,,,,345.0,247.0,73.8,0.0,,,,,38.0,17.0,5.0,1.0,5.0,0.0,0.0,0.0,0.0,0.691,71.59,12.92
Oblak,Atlético,Goalkeeper,900.0,10,0.0,0.0,52.7,,,,,,,,,,,,,,,,,,283.0,158.0,55.7,0.0,,,,,13.0,10.0,3.0,0.0,2.0,0.0,0.0,0.0,0.0,0.565,55.83,10.84
Foyth,Villarreal,Defender,891.0,10,0.0,0.0,98.7,,,,,,,4.0,0.0,2.0,2.0,,,,20.0,10.0,10.0,55.0,347.0,290.0,82.1,0.0,9.0,7.0,1.0,0.0,,,,,,0.0,0.0,0.0,0.909,,83.57,19.08
Bernardo Silva,Man. City,Midfielder,878.0,11,3.0,3.0,120.3,0.0,3.0,0.0,0.0,3.0,0.0,7.0,4.0,2.0,1.0,2.0,3.0,18.0,9.0,4.0,5.0,25.0,462.0,427.0,91.6,23.0,10.0,6.0,0.0,0.0,,,,,,0.308,0.308,0.615,1.025,,92.42,30.59
Lewandowski,Bayern,Forward,876.0,10,13.0,3.0,99.7,8.0,3.0,1.0,3.0,13.0,0.0,31.0,19.0,8.0,4.0,0.0,7.0,1.0,4.0,1.0,4.0,7.0,206.0,163.0,79.1,10.0,11.0,13.0,1.0,0.0,,,,,,1.336,0.308,1.644,1.13,,79.13,46.98
Grimaldo,Benfica,Defender,863.0,10,0.0,3.0,107.7,,,,,,,3.0,1.0,1.0,1.0,11.0,1.0,10.0,15.0,6.0,9.0,34.0,319.0,257.0,81.1,41.0,5.0,9.0,2.0,0.0,,,,,,0.0,0.313,0.313,0.521,,80.56,22.48
Rodri,Man. City,Midfielder,842.0,10,0.0,0.0,114.6,,,,,,,6.0,0.0,1.0,5.0,,,,14.0,10.0,4.0,52.0,806.0,760.0,94.2,0.0,19.0,4.0,2.0,0.0,,,,,,0.0,0.0,0.0,2.031,,94.29,21.88
João Cancelo,Man. City,Defender,840.0,9,2.0,3.0,100.3,1.0,0.0,0.0,0.0,1.0,1.0,11.0,4.0,3.0,4.0,0.0,2.0,26.0,9.0,6.0,3.0,56.0,668.0,586.0,88.0,20.0,11.0,4.0,3.0,0.0,,,,,,0.214,0.321,0.536,1.179,,87.72,26.43
Rüdiger,Chelsea,Defender,840.0,9,1.0,0.0,34.55,0.0,0.0,1.0,0.0,1.0,0.0,11.0,1.0,8.0,2.0,,,,9.0,5.0,4.0,46.0,750.0,681.0,90.3,0.0,11.0,3.0,2.0,0.0,,,,,,0.107,0.0,0.107,1.179,,90.8,14.985
Mendy,Chelsea,Goalkeeper,840.0,9,0.0,0.0,57.4,,,,,,,,,,,,,,,,,,208.0,173.0,85.0,0.0,,,,,9.0,7.0,5.0,0.0,2.0,0.0,0.0,0.0,0.0,0.562,83.17,14.24
Reinildo,LOSC,Defender,816.0,10,0.0,0.0,88.8,,,,,,,,,,,,,,,,,,364.0,302.0,81.1,30.0,,,,,,,,,,0.0,0.0,0.0,0.0,,82.97,16.99
Neuer,Bayern,Goalkeeper,810.0,9,0.0,1.0,51.2,,,,,,,,,,,0.0,0.0,1.0,,,,,352.0,318.0,83.0,0.0,,,,,14.0,6.0,4.0,0.0,1.0,0.0,0.111,0.111,0.0,0.7,90.34,14.42
Weigl,Benfica,Midfielder,810.0,9,0.0,0.0,112.0,,,,,,,2.0,1.0,0.0,1.0,,,,23.0,12.0,11.0,35.0,351.0,316.0,89.1,0.0,10.0,5.0,2.0,0.0,,,,,,0.0,0.0,0.0,1.111,,90.03,21.31
Otamendi,Benfica,Defender,810.0,9,0.0,0.0,91.2,,,,,,,4.0,1.0,3.0,0.0,,,,28.0,17.0,11.0,63.0,380.0,328.0,84.3,0.0,17.0,11.0,2.0,0.0,,,,,,0.0,0.0,0.0,1.889,,86.32,19.25
Sané,Bayern,Midfielder,798.0,10,6.0,6.0,94.0,1.0,5.0,0.0,0.0,3.0,3.0,33.0,13.0,12.0,8.0,3.0,3.0,32.0,1.0,0.0,1.0,23.0,398.0,346.0,86.8,26.0,2.0,5.0,0.0,0.0,,,,,,0.677,0.677,1.353,0.226,,86.93,36.08
Laporte,Man. City,Defender,794.0,9,0.0,0.0,90.9,,,,,,,5.0,1.0,4.0,1.0,,,,5.0,1.0,4.0,51.0,707.0,672.0,94.7,0.0,4.0,2.0,2.0,0.0,,,,,,0.0,0.0,0.0,0.453,,95.05,18.66
Müller,Bayern,Forward,778.0,10,4.0,3.0,98.5,1.0,2.0,1.0,0.0,3.0,1.0,14.0,8.0,3.0,3.0,10.0,8.0,2.0,8.0,3.0,5.0,18.0,366.0,283.0,78.9,28.0,11.0,3.0,0.0,0.0,,,,,,0.463,0.347,0.81,1.272,,77.32,29.04
Pavard,Bayern,Defender,764.0,10,0.0,1.0,96.7,,,,,,,10.0,2.0,7.0,1.0,0.0,2.0,0.0,12.0,7.0,5.0,55.0,676.0,613.0,90.2,33.0,9.0,4.0,0.0,0.0,,,,,,0.0,0.118,0.118,1.06,,90.68,20.39
Thiago Silva,Chelsea,Defender,757.0,9,0.0,1.0,71.7,,,,,,,7.0,1.0,2.0,4.0,0.0,0.0,0.0,9.0,4.0,5.0,65.0,607.0,571.0,83.0,100.0,6.0,5.0,1.0,0.0,,,,,,0.0,0.119,0.119,0.713,,94.07,16.87
De Bruyne,Man. City,Midfielder,734.0,10,2.0,4.0,95.5,1.0,0.0,1.0,0.0,2.0,0.0,24.0,7.0,9.0,8.0,18.0,0.0,14.0,6.0,0.0,6.0,11.0,397.0,334.0,82.6,26.0,9.0,9.0,2.0,0.0,,,,,,0.245,0.49,0.736,1.104,,84.13,25.81
Škriniar,Inter,Defender,720.0,8,1.0,0.0,85.1,1.0,0.0,0.0,0.0,1.0,0.0,10.0,3.0,6.0,1.0,,,,11.0,6.0,5.0,38.0,462.0,451.0,91.4,50.0,5.0,7.0,1.0,0.0,,,,,,0.125,0.0,0.125,0.625,,97.62,20.25
Kristensen,Salzburg,Defender,720.0,8,0.0,1.0,85.5,,,,,,,10.0,2.0,5.0,3.0,0.0,2.0,12.0,18.0,8.0,10.0,36.0,282.0,191.0,65.8,0.0,14.0,4.0,1.0,0.0,,,,,,0.0,0.125,0.125,1.75,,67.73,16.93
Martínez,Ajax,Defender,720.0,8,0.0,1.0,83.3,,,,,,,6.0,2.0,4.0,0.0,0.0,0.0,3.0,10.0,2.0,8.0,53.0,674.0,633.0,94.1,0.0,7.0,7.0,1.0,0.0,,,,,,0.0,0.125,0.125,0.875,,93.92,18.94
Marquinhos,Paris,Defender,720.0,8,0.0,1.0,78.5,,,,,,,,,,,0.0,0.0,0.0,2.0,2.0,0.0,42.0,509.0,475.0,92.5,0.0,3.0,3.0,0.0,0.0,,,,,,0.0,0.125,0.125,0.375,,93.32,18.3
Fonte,LOSC,Defender,720.0,8,0.0,0.0,81.3,,,,,,,3.0,0.0,2.0,1.0,,,,13.0,9.0,4.0,47.0,369.0,328.0,88.5,0.0,6.0,5.0,3.0,0.0,,,,,,0.0,0.0,0.0,0.75,,88.89,17.88
Köhn,Salzburg,Goalkeeper,720.0,8,0.0,0.0,43.8,,,,,,,,,,,,,,,,,,220.0,156.0,73.4,0.0,,,,,16.0,14.0,1.0,0.0,3.0,0.0,0.0,0.0,0.0,0.533,70.91,11.72
Handanovič,Inter,Goalkeeper,720.0,8,0.0,0.0,32.0,,,,,,,,,,,,,,,,,,253.0,230.0,91.6,0.0,,,,,12.0,7.0,3.0,0.0,5.0,0.0,0.0,0.0,0.0,0.632,90.91,12.36
Hakimi,Paris,Defender,718.0,8,0.0,0.0,85.3,,,,,,,1.0,0.0,1.0,0.0,,,,7.0,1.0,6.0,36.0,417.0,378.0,90.4,10.0,3.0,7.0,2.0,0.0,,,,,,0.0,0.0,0.0,0.376,,90.65,17.67
Ulmer,Salzburg,Defender,716.0,8,0.0,0.0,84.2,,,,,,,5.0,2.0,1.0,2.0,,,,6.0,2.0,4.0,41.0,277.0,187.0,66.9,0.0,13.0,2.0,2.0,0.0,,,,,,0.0,0.0,0.0,1.634,,67.51,15.31
Gilberto,Benfica,Defender,715.0,9,1.0,0.0,85.7,1.0,0.0,0.0,0.0,1.0,0.0,3.0,1.0,0.0,2.0,,,,17.0,8.0,9.0,48.0,291.0,232.0,79.8,30.0,16.0,13.0,1.0,0.0,,,,,,0.126,0.0,0.126,2.014,,79.73,19.35
Aaronson,Salzburg,Midfielder,715.0,8,0.0,2.0,103.5,,,,,,,9.0,3.0,2.0,4.0,4.0,5.0,9.0,4.0,0.0,4.0,17.0,239.0,181.0,76.1,27.0,3.0,13.0,0.0,0.0,,,,,,0.0,0.252,0.252,0.378,,75.73,19.96
Rafa Silva,Benfica,Forward,704.0,9,1.0,1.0,85.7,1.0,0.0,0.0,0.0,1.0,0.0,9.0,1.0,4.0,4.0,0.0,3.0,27.0,12.0,6.0,6.0,21.0,187.0,145.0,76.1,37.0,8.0,14.0,2.0,0.0,,,,,,0.128,0.128,0.256,1.023,,77.54,19.78
Gravenberch,Ajax,Goalkeeper,703.0,8,0.0,1.0,89.1,,,,,,,9.0,5.0,2.0,2.0,15.0,1.0,18.0,4.0,3.0,1.0,30.0,386.0,342.0,87.4,0.0,17.0,11.0,1.0,0.0,,,,,,0.0,0.128,0.128,2.176,,88.6,18.95
Kimmich,Bayern,Midfielder,702.0,8,0.0,0.0,96.4,,,,,,,8.0,2.0,2.0,4.0,,,,15.0,6.0,9.0,41.0,688.0,616.0,89.5,35.0,3.0,17.0,1.0,0.0,,,,,,0.0,0.0,0.0,0.385,,89.53,19.19
Marcos Llorente,Atlético,Midfielder,700.0,9,0.0,0.0,83.6,,,,,,,2.0,1.0,1.0,0.0,,,,6.0,0.0,6.0,37.0,249.0,212.0,80.7,10.0,13.0,10.0,3.0,0.0,,,,,,0.0,0.0,0.0,1.671,,85.14,16.43
Azpilicueta,Chelsea,Defender,679.0,9,1.0,1.0,82.0,1.0,0.0,0.0,0.0,1.0,0.0,3.0,3.0,0.0,0.0,0.0,0.0,3.0,6.0,3.0,3.0,26.0,491.0,434.0,88.0,15.0,9.0,3.0,1.0,0.0,,,,,,0.133,0.133,0.265,1.193,,88.39,20.3
David,LOSC,Forward,679.0,8,3.0,0.0,86.1,1.0,2.0,0.0,1.0,3.0,0.0,12.0,5.0,5.0,2.0,,,,1.0,1.0,0.0,11.0,148.0,122.0,82.4,100.0,4.0,12.0,0.0,0.0,,,,,,0.398,0.0,0.398,0.53,,82.43,22.95
Mbappé,Paris,Forward,673.0,8,6.0,4.0,65.2,6.0,0.0,0.0,0.0,6.0,0.0,27.0,16.0,6.0,5.0,4.0,8.0,5.0,1.0,0.0,1.0,10.0,257.0,220.0,85.4,13.0,3.0,11.0,1.0,0.0,,,,,,0.802,0.535,1.337,0.401,,85.6,31.06
Havertz,Chelsea,Midfielder,672.0,9,3.0,0.0,86.3,0.0,1.0,2.0,0.0,3.0,0.0,26.0,11.0,9.0,6.0,,,,3.0,0.0,3.0,7.0,248.0,210.0,86.1,66.0,12.0,9.0,1.0,0.0,,,,,,0.402,0.0,0.402,1.607,,84.68,23.24
Camara,Salzburg,Midfielder,672.0,8,0.0,0.0,80.9,,,,,,,3.0,0.0,3.0,0.0,,,,14.0,7.0,7.0,41.0,369.0,325.0,86.5,0.0,4.0,23.0,2.0,0.0,,,,,,0.0,0.0,0.0,0.536,,88.08,17.44
Haller,Ajax,Forward,668.0,8,11.0,0.0,82.2,3.0,4.0,3.0,1.0,11.0,0.0,24.0,15.0,8.0,1.0,0.0,3.0,9.0,8.0,2.0,6.0,10.0,162.0,134.0,80.8,0.0,17.0,11.0,1.0,0.0,,,,,,1.482,0.0,1.482,2.29,,82.72,38.5
Bastoni,Inter,Defender,666.0,8,0.0,0.0,76.6,,,,,,,1.0,0.0,1.0,0.0,,,,7.0,2.0,5.0,46.0,432.0,387.0,89.0,18.0,11.0,8.0,2.0,0.0,,,,,,0.0,0.0,0.0,1.486,,89.58,16.76
Koke,Atlético,Midfielder,665.0,9,0.0,1.0,91.2,,,,,,,3.0,0.0,2.0,1.0,4.0,0.0,2.0,11.0,8.0,3.0,30.0,308.0,252.0,81.1,0.0,7.0,11.0,1.0,0.0,,,,,,0.0,0.135,0.135,0.947,,81.82,19.03
Rúben Dias,Man. City,Defender,664.0,8,0.0,0.0,83.1,,,,,,,4.0,1.0,0.0,3.0,,,,11.0,1.0,10.0,45.0,464.0,431.0,92.6,0.0,6.0,1.0,0.0,0.0,,,,,,0.0,0.0,0.0,0.813,,92.89,17.67
Mazraoui,Ajax,Defender,661.0,8,0.0,2.0,81.5,,,,,,,9.0,3.0,3.0,3.0,0.0,0.0,13.0,16.0,10.0,6.0,40.0,385.0,338.0,86.9,36.0,9.0,8.0,1.0,0.0,,,,,,0.0,0.272,0.272,1.225,,87.79,19.84
Gündoğan,Man. City,Midfielder,660.0,10,0.0,2.0,86.4,,,,,,,14.0,2.0,4.0,8.0,16.0,1.0,3.0,6.0,0.0,6.0,13.0,406.0,367.0,90.8,33.0,4.0,7.0,1.0,0.0,,,,,,0.0,0.273,0.273,0.545,,90.39,19.72
Upamecano,Bayern,Defender,660.0,8,0.0,0.0,82.3,,,,,,,2.0,0.0,1.0,1.0,,,,4.0,1.0,3.0,46.0,562.0,519.0,93.1,0.0,10.0,5.0,3.0,0.0,,,,,,0.0,0.0,0.0,1.364,,92.35,17.64
Foden,Man. City,Midfielder,658.0,11,3.0,2.0,89.1,2.0,0.0,1.0,0.0,3.0,0.0,22.0,9.0,7.0,6.0,13.0,6.0,12.0,5.0,1.0,4.0,10.0,287.0,238.0,81.1,26.0,5.0,10.0,1.0,0.0,,,,,,0.41,0.274,0.684,0.684,,82.93,25.12
Seiwald,Salzburg,Midfielder,649.0,8,0.0,1.0,85.3,,,,,,,4.0,3.0,0.0,1.0,18.0,1.0,5.0,18.0,6.0,12.0,44.0,258.0,190.0,69.0,20.0,19.0,3.0,2.0,0.0,,,,,,0.0,0.139,0.139,2.635,,73.64,17.03
Estupiñán,Villarreal,Defender,645.0,10,0.0,0.0,76.4,,,,,,,1.0,0.0,0.0,1.0,,,,8.0,4.0,4.0,52.0,282.0,229.0,83.2,28.0,7.0,3.0,2.0,0.0,,,,,,0.0,0.0,0.0,0.977,,81.21,16.36
Stones,Man. City,Defender,637.0,8,0.0,0.0,73.2,,,,,,,1.0,1.0,4.0,1.0,,,,1.0,1.0,2.0,33.0,545.0,523.0,94.4,0.0,3.0,3.0,1.0,0.0,,,,,,0.0,0.0,0.0,0.424,,95.96,16.86
Brozović,Inter,Midfielder,635.0,8,1.0,0.0,89.3,1.0,0.0,0.0,0.0,1.0,0.0,11.0,1.0,4.0,6.0,,,,15.0,6.0,9.0,38.0,559.0,506.0,90.6,75.0,5.0,6.0,0.0,0.0,,,,,,0.142,0.0,0.142,0.709,,90.52,20.59
Coman,Bayern,Forward,632.0,9,2.0,3.0,76.3,1.0,1.0,0.0,0.0,2.0,0.0,20.0,6.0,10.0,4.0,4.0,4.0,59.0,2.0,0.0,2.0,14.0,329.0,271.0,84.2,30.0,6.0,16.0,1.0,0.0,,,,,,0.285,0.427,0.712,0.854,,82.37,23.05
Messi,Paris,Forward,630.0,7,5.0,0.0,58.7,1.0,5.0,0.0,2.0,3.0,2.0,26.0,10.0,8.0,8.0,,,,2.0,1.0,1.0,7.0,428.0,385.0,89.9,35.0,4.0,11.0,1.0,0.0,,,,,,0.714,0.0,0.714,0.571,,89.95,24.96
Tadić,Ajax,Forward,630.0,7,2.0,2.0,78.9,1.0,1.0,0.0,0.0,2.0,0.0,12.0,3.0,4.0,5.0,5.0,5.0,13.0,2.0,0.0,2.0,12.0,303.0,231.0,75.7,43.0,11.0,9.0,0.0,0.0,,,,,,0.286,0.286,0.571,1.571,,76.24,21.46
André,LOSC,Midfielder,630.0,7,0.0,0.0,80.0,,,,,,,5.0,1.0,1.0,3.0,,,,24.0,12.0,12.0,49.0,352.0,289.0,82.0,0.0,9.0,10.0,3.0,0.0,,,,,,0.0,0.0,0.0,1.286,,82.1,17.4
Kimpembe,Paris,Defender,630.0,7,0.0,0.0,64.4,,,,,,,,,,,,,,9.0,4.0,5.0,26.0,376.0,352.0,93.3,0.0,8.0,6.0,3.0,0.0,,,,,,0.0,0.0,0.0,1.143,,93.62,16.17
Adán,Sporting CP,Goalkeeper,630.0,7,0.0,0.0,36.3,,,,,,,,,,,,,,,,,,233.0,166.0,70.2,0.0,,,,,17.0,13.0,2.0,0.0,8.0,0.0,0.0,0.0,0.0,0.567,71.24,10.65
Szczęsny,Juventus,Goalkeeper,630.0,7,0.0,0.0,31.4,,,,,,,,,,,,,,,,,,176.0,145.0,84.0,0.0,,,,,14.0,10.0,3.0,0.0,3.0,0.0,0.0,0.0,0.0,0.583,82.39,11.54
De Gea,Man. United,Goalkeeper,630.0,7,0.0,0.0,26.4,,,,,,,,,,,,,,,,,,164.0,121.0,74.6,0.0,,,,,19.0,9.0,1.0,0.0,0.0,0.0,0.0,0.0,0.0,0.679,73.78,10.1
Berghuis,Ajax,Forward,628.0,8,3.0,1.0,79.8,0.0,3.0,0.0,0.0,3.0,0.0,16.0,5.0,6.0,5.0,15.0,2.0,3.0,3.0,2.0,4.0,14.0,277.0,229.0,82.0,32.0,3.0,1.0,1.0,0.0,,,,,,0.43,0.143,0.573,0.43,,82.67,23.38
De Ligt,Juventus,Defender,627.0,7,0.0,0.0,71.5,,,,,,,1.0,0.0,0.0,1.0,,,,5.0,4.0,1.0,49.0,346.0,307.0,87.6,100.0,3.0,2.0,2.0,0.0,,,,,,0.0,0.0,0.0,0.431,,88.73,16.31
Núñez,Benfica,Forward,613.0,10,6.0,0.0,72.4,5.0,0.0,1.0,1.0,6.0,0.0,15.0,8.0,7.0,0.0,,,,4.0,2.0,2.0,10.0,117.0,67.0,56.4,0.0,6.0,7.0,1.0,0.0,,,,,,0.881,0.0,0.881,0.881,,57.26,25.08
Matheus Reis,Sporting CP,Defender,611.0,8,0.0,0.0,75.3,,,,,,,4.0,0.0,3.0,1.0,,,,9.0,6.0,3.0,23.0,224.0,192.0,84.1,16.0,6.0,8.0,0.0,0.0,,,,,,0.0,0.0,0.0,0.884,,85.71,16.54
Ronaldo,Man. United,Forward,611.0,7,6.0,0.0,59.2,5.0,0.0,1.0,0.0,4.0,2.0,22.0,12.0,8.0,2.0,,,,3.0,1.0,2.0,5.0,204.0,179.0,87.2,60.0,4.0,11.0,1.0,0.0,,,,,,0.884,0.0,0.884,0.589,,87.75,26.74
Adeyemi,Salzburg,Forward,607.0,8,3.0,1.0,69.2,0.0,3.0,0.0,2.0,3.0,0.0,16.0,10.0,3.0,3.0,0.0,0.0,23.0,4.0,4.0,3.0,8.0,90.0,49.0,53.1,28.0,9.0,18.0,2.0,0.0,,,,,,0.445,0.148,0.593,1.334,,54.44,19.63
Christensen,Chelsea,Defender,603.0,8,1.0,1.0,62.6,1.0,0.0,0.0,0.0,1.0,0.0,3.0,2.0,0.0,1.0,0.0,0.0,1.0,10.0,6.0,4.0,41.0,552.0,517.0,93.4,50.0,7.0,4.0,0.0,0.0,,,,,,0.149,0.149,0.299,1.045,,93.66,19.2
Zeki Çelik,LOSC,Defender,591.0,7,0.0,1.0,71.3,,,,,,,4.0,0.0,4.0,0.0,0.0,1.0,5.0,8.0,4.0,4.0,29.0,297.0,233.0,78.0,33.0,6.0,3.0,1.0,0.0,,,,,,0.0,0.152,0.152,0.914,,78.45,16.33
Martínez,Inter,Forward,587.0,8,1.0,0.0,67.4,1.0,0.0,0.0,0.0,0.0,1.0,28.0,7.0,10.0,11.0,,,,11.0,4.0,7.0,13.0,121.0,97.0,81.1,0.0,7.0,9.0,1.0,0.0,,,,,,0.153,0.0,0.153,1.073,,80.17,17.25
Giménez,Atlético,Defender,585.0,7,0.0,0.0,63.3,,,,,,,5.0,0.0,4.0,1.0,,,,4.0,2.0,2.0,35.0,211.0,175.0,78.9,0.0,4.0,3.0,1.0,0.0,,,,,,0.0,0.0,0.0,0.615,,82.94,14.42
Paulinho,Sporting CP,Forward,582.0,8,3.0,1.0,68.2,0.0,3.0,0.0,0.0,1.0,2.0,16.0,8.0,7.0,1.0,0.0,5.0,8.0,3.0,0.0,3.0,12.0,139.0,105.0,74.8,0.0,5.0,14.0,2.0,0.0,,,,,,0.464,0.155,0.619,0.773,,75.54,21.3
Sterling,Man. City,Forward,581.0,12,3.0,2.0,71.1,2.0,1.0,0.0,0.0,2.0,1.0,17.0,6.0,9.0,2.0,0.0,6.0,14.0,3.0,0.0,3.0,7.0,206.0,185.0,88.4,12.0,14.0,10.0,1.0,0.0,,,,,,0.465,0.31,0.775,2.169,,89.81,23.95
Nuno Mendes,Paris,Defender,581.0,8,0.0,0.0,62.2,,,,,,,2.0,2.0,0.0,0.0,,,,5.0,4.0,1.0,25.0,258.0,220.0,83.6,16.0,5.0,10.0,1.0,0.0,,,,,,0.0,0.0,0.0,0.775,,85.27,14.98
Bonucci,Juventus,Defender,580.0,7,0.0,0.0,60.6,,,,,,,,,,,,,,6.0,2.0,4.0,36.0,434.0,391.0,89.3,0.0,,,,,,,,,,0.0,0.0,0.0,0.0,,90.09,15.19
Kondogbia,Atlético,Midfielder,578.0,9,0.0,0.0,71.3,,,,,,,6.0,1.0,4.0,1.0,,,,15.0,6.0,9.0,40.0,242.0,209.0,84.5,0.0,5.0,11.0,2.0,0.0,,,,,,0.0,0.0,0.0,0.779,,86.36,16.18
De Paul,Atlético,Midfielder,577.0,9,1.0,0.0,74.5,1.0,0.0,0.0,0.0,1.0,0.0,13.0,4.0,6.0,3.0,,,,6.0,1.0,5.0,25.0,293.0,228.0,75.8,29.0,12.0,13.0,2.0,0.0,,,,,,0.156,0.0,0.156,1.872,,77.82,17.13
Antony,Ajax,Forward,577.0,7,2.0,5.0,65.1,0.0,2.0,0.0,0.0,2.0,0.0,26.0,10.0,9.0,7.0,3.0,4.0,28.0,7.0,3.0,4.0,25.0,322.0,262.0,81.9,18.0,5.0,9.0,1.0,0.0,,,,,,0.312,0.78,1.092,0.78,,81.37,24.0
Walker,Man. City,Defender,577.0,7,1.0,0.0,64.1,1.0,0.0,0.0,0.0,1.0,0.0,2.0,1.0,0.0,1.0,,,,3.0,1.0,2.0,34.0,397.0,347.0,86.6,9.0,3.0,1.0,0.0,1.0,,,,,,0.156,0.0,0.156,0.468,,87.41,17.17
João Félix,Atlético,Forward,573.0,8,1.0,1.0,68.5,0.0,0.0,1.0,0.0,1.0,0.0,12.0,3.0,7.0,2.0,1.0,3.0,21.0,6.0,1.0,5.0,5.0,160.0,131.0,81.3,50.0,4.0,13.0,2.0,0.0,,,,,,0.157,0.157,0.314,0.628,,81.88,18.08
Wöber,Salzburg,Defender,573.0,7,1.0,0.0,66.5,0.0,1.0,0.0,0.0,0.0,1.0,8.0,2.0,4.0,2.0,,,,14.0,6.0,8.0,39.0,314.0,255.0,79.0,0.0,7.0,3.0,0.0,0.0,,,,,,0.157,0.0,0.157,1.099,,81.21,17.15
Blind,Ajax,Defender,572.0,8,1.0,1.0,70.9,0.0,1.0,0.0,0.0,0.0,1.0,4.0,2.0,1.0,1.0,0.0,1.0,8.0,11.0,4.0,7.0,32.0,439.0,368.0,83.9,53.0,5.0,0.0,1.0,0.0,,,,,,0.157,0.157,0.315,0.787,,83.83,18.88
L. Hernández,Bayern,Defender,572.0,8,0.0,0.0,69.4,,,,,,,4.0,1.0,4.0,1.0,,,,9.0,6.0,3.0,49.0,543.0,496.0,92.0,37.0,11.0,6.0,2.0,0.0,,,,,,0.0,0.0,0.0,1.731,,91.34,16.74
J. Timber,Ajax,Midfielder,570.0,8,0.0,0.0,64.9,,,,,,,4.0,0.0,2.0,0.0,,,,6.0,2.0,4.0,35.0,497.0,474.0,95.8,0.0,10.0,6.0,3.0,0.0,,,,,,0.0,0.0,0.0,1.579,,95.37,16.27
Jorginho,Chelsea,Midfielder,561.0,8,2.0,2.0,68.7,2.0,0.0,0.0,2.0,2.0,0.0,4.0,2.0,1.0,1.0,1.0,0.0,1.0,7.0,5.0,2.0,38.0,519.0,477.0,91.5,50.0,9.0,8.0,0.0,0.0,,,,,,0.321,0.321,0.642,1.444,,91.91,22.52
Gonçalo Inácio,Sporting CP,Defender,561.0,7,0.0,1.0,60.7,,,,,,,1.0,0.0,1.0,0.0,0.0,0.0,2.0,4.0,3.0,1.0,28.0,271.0,246.0,91.4,0.0,3.0,2.0,1.0,0.0,,,,,,0.0,0.16,0.16,0.481,,90.77,16.51
Álvarez,Ajax,Midfielder,558.0,7,0.0,0.0,73.0,,,,,,,7.0,2.0,4.0,1.0,,,,19.0,10.0,9.0,29.0,363.0,340.0,93.3,0.0,17.0,6.0,4.0,0.0,,,,,,0.0,0.0,0.0,2.742,,93.66,17.63
Alex Sandro,Juventus,Defender,553.0,7,1.0,0.0,69.0,0.0,0.0,1.0,0.0,1.0,0.0,6.0,1.0,5.0,0.0,,,,11.0,4.0,7.0,32.0,325.0,284.0,86.9,14.0,8.0,9.0,0.0,0.0,,,,,,0.163,0.0,0.163,1.302,,87.38,17.99
Alonso,Chelsea,Defender,548.0,8,0.0,0.0,68.9,,,,,,,12.0,4.0,4.0,4.0,,,,3.0,1.0,2.0,17.0,300.0,258.0,86.3,38.0,11.0,7.0,1.0,0.0,,,,,,0.0,0.0,0.0,1.807,,86.0,15.62
Everton,Benfica,Forward,543.0,9,0.0,0.0,67.1,,,,,,,9.0,4.0,4.0,1.0,,,,7.0,5.0,2.0,13.0,115.0,87.0,78.7,44.0,6.0,9.0,0.0,0.0,,,,,,0.0,0.0,0.0,0.994,,75.65,15.08
Džeko,Inter,Forward,541.0,7,3.0,1.0,64.6,1.0,1.0,1.0,0.0,3.0,0.0,25.0,12.0,6.0,7.0,0.0,2.0,4.0,0.0,0.0,0.0,6.0,157.0,116.0,72.9,0.0,3.0,10.0,0.0,0.0,,,,,,0.499,0.166,0.665,0.499,,73.89,20.75
Vanaken,Club Brugge,Midfielder,540.0,6,3.0,1.0,69.4,3.0,0.0,0.0,0.0,3.0,0.0,12.0,6.0,1.0,5.0,2.0,0.0,7.0,1.0,0.0,1.0,22.0,288.0,241.0,83.8,100.0,3.0,5.0,0.0,0.0,,,,,,0.5,0.167,0.667,0.5,,83.68,22.32
S. Thill,Sheriff,Midfielder,540.0,6,2.0,1.0,76.8,0.0,1.0,0.0,0.0,0.0,2.0,13.0,6.0,1.0,2.0,9.0,0.0,1.0,12.0,6.0,6.0,14.0,206.0,167.0,81.2,23.0,2.0,2.0,1.0,0.0,,,,,,0.333,0.167,0.5,0.333,,81.07,21.4
Coates,Sporting CP,Defender,540.0,6,2.0,0.0,50.9,0.0,0.0,2.0,0.0,2.0,0.0,7.0,2.0,4.0,1.0,,,,6.0,2.0,4.0,28.0,240.0,211.0,87.0,0.0,1.0,3.0,1.0,0.0,,,,,,0.333,0.0,0.333,0.167,,87.92,17.99
Arnold,Wolfsburg,Midfielder,540.0,6,0.0,3.0,67.3,,,,,,,5.0,1.0,3.0,1.0,10.0,0.0,1.0,5.0,2.0,3.0,30.0,288.0,266.0,78.7,38.0,10.0,9.0,3.0,0.0,,,,,,0.0,0.5,0.5,1.667,,92.36,17.8
Cristiano,Sheriff,Defender,540.0,6,0.0,3.0,63.2,,,,,,,3.0,1.0,2.0,0.0,0.0,1.0,5.0,3.0,3.0,5.0,18.0,159.0,117.0,73.3,42.0,4.0,3.0,1.0,0.0,,,,,,0.0,0.5,0.5,0.667,,73.58,16.95
Zabarnyi,Dynamo Kyiv,Defender,540.0,6,0.0,0.0,67.1,,,,,,,2.0,0.0,2.0,0.0,,,,4.0,2.0,2.0,26.0,241.0,221.0,90.2,0.0,5.0,8.0,1.0,0.0,,,,,,0.0,0.0,0.0,0.833,,91.7,15.93
Fernando,Sevilla,Midfielder,540.0,6,0.0,0.0,66.6,,,,,,,,,,,,,,3.0,1.0,2.0,51.0,293.0,253.0,86.0,0.0,6.0,6.0,1.0,0.0,,,,,,0.0,0.0,0.0,1.0,,86.35,15.36
Fernando Costanza,Sheriff,Defender,875.0,6,0.0,0.0,64.6,,,,,,,2.0,0.0,1.0,1.0,,,,19.0,13.0,6.0,39.0,136.0,92.0,65.5,18.0,6.0,8.0,2.0,0.0,,,,,,0.0,0.0,0.0,0.617,,67.65,14.31
Dodô,Shakhtar Donetsk,Defender,540.0,6,0.0,0.0,64.5,,,,,,,7.0,2.0,4.0,1.0,,,,10.0,6.0,4.0,37.0,289.0,256.0,88.2,10.0,5.0,8.0,0.0,0.0,,,,,,0.0,0.0,0.0,0.833,,88.58,15.87
Barrios,Zenit,Midfielder,540.0,6,0.0,0.0,34.55,,,,,,,1.0,0.0,0.0,1.0,,,,11.0,7.0,4.0,41.0,306.0,282.0,91.7,0.0,6.0,9.0,1.0,0.0,,,,,,0.0,0.0,0.0,1.0,,92.16,13.325
Lacroix,Wolfsburg,Defender,540.0,6,0.0,0.0,61.3,,,,,,,2.0,0.0,2.0,0.0,,,,1.0,1.0,0.0,35.0,284.0,232.0,81.8,0.0,5.0,6.0,2.0,0.0,,,,,,0.0,0.0,0.0,0.833,,81.69,14.41
Hendry,Club Brugge,Defender,540.0,6,0.0,0.0,61.0,,,,,,,1.0,1.0,0.0,1.0,,,,6.0,4.0,2.0,42.0,175.0,148.0,84.2,0.0,4.0,2.0,0.0,0.0,,,,,,0.0,0.0,0.0,0.667,,84.57,14.92
Arboleda,Sheriff,Defender,540.0,6,0.0,0.0,53.3,,,,,,,1.0,0.0,1.0,0.0,,,,1.0,0.0,1.0,30.0,145.0,124.0,84.8,0.0,1.0,1.0,1.0,0.0,,,,,,0.0,0.0,0.0,0.167,,85.52,13.81
Dulanto,Sheriff,Defender,540.0,6,0.0,0.0,53.0,,,,,,,3.0,0.0,3.0,0.0,,,,11.0,3.0,8.0,32.0,195.0,162.0,81.3,0.0,5.0,1.0,3.0,0.0,,,,,,0.0,0.0,0.0,0.833,,83.08,13.73
Bounou,Sevilla,Goalkeeper,540.0,6,0.0,0.0,37.2,,,,,,,,,,,,,,,,,,185.0,152.0,82.2,0.0,1.0,0.0,0.0,0.0,14.0,5.0,2.0,0.0,1.0,0.0,0.0,0.0,0.167,0.737,82.16,11.94
Kobel,Dortmund,Goalkeeper,540.0,6,0.0,0.0,35.4,,,,,,,,,,,,,,,,,,175.0,152.0,87.5,0.0,,,,,14.0,11.0,2.0,1.0,1.0,0.0,0.0,0.0,0.0,0.56,86.86,12.29
Mignolet,Club Brugge,Goalkeeper,540.0,6,0.0,0.0,33.2,,,,,,,,,,,,,,,,,,216.0,166.0,78.7,0.0,,,,,28.0,20.0,0.0,0.0,1.0,0.0,0.0,0.0,0.0,0.583,76.85,11.19
Musso,Atalanta,Goalkeeper,540.0,6,0.0,0.0,32.7,,,,,,,,,,,,,,,,,,158.0,120.0,76.0,0.0,,,,,21.0,13.0,1.0,0.0,1.0,0.0,0.0,0.0,0.0,0.618,75.95,10.87
Pasveer,Ajax,Goalkeeper,540.0,6,0.0,0.0,32.7,,,,,,,,,,,,,,,,,,232.0,200.0,86.2,0.0,,,,,13.0,6.0,2.0,0.0,2.0,0.0,0.0,0.0,0.0,0.684,86.21,11.89
Grbić,LOSC,Goalkeeper,540.0,6,0.0,0.0,31.9,,,,,,,,,,,,,,,,,,165.0,85.0,50.7,0.0,,,,,13.0,4.0,3.0,0.0,1.0,0.0,0.0,0.0,0.0,0.765,51.52,8.26
Diogo Costa,Porto,Goalkeeper,540.0,6,0.0,0.0,31.7,,,,,,,,,,,,,,,,,,269.0,173.0,64.8,0.0,,,,,18.0,0.0,6.0,0.0,2.0,0.0,0.0,0.0,0.0,1.0,64.31,9.65
Ter Stegen,Barcelona,Goalkeeper,540.0,6,0.0,0.0,29.0,,,,,,,,,,,,,,,,,,213.0,188.0,88.7,0.0,,,,,16.0,9.0,3.0,0.0,2.0,0.0,0.0,0.0,0.0,0.64,88.26,11.77
Locatelli,Juventus,Midfielder,539.0,7,0.0,0.0,69.8,,,,,,,8.0,0.0,6.0,2.0,,,,15.0,7.0,8.0,24.0,363.0,316.0,85.6,33.0,7.0,5.0,1.0,0.0,,,,,,0.0,0.0,0.0,1.169,,87.05,16.24
Diego Carlos,Sevilla,Defender,539.0,6,0.0,0.0,58.7,,,,,,,4.0,1.0,3.0,0.0,,,,3.0,1.0,2.0,41.0,414.0,374.0,90.2,0.0,1.0,3.0,2.0,0.0,,,,,,0.0,0.0,0.0,0.167,,90.34,14.99
Mount,Chelsea,Midfielder,538.0,7,1.0,2.0,60.3,1.0,0.0,0.0,0.0,1.0,0.0,11.0,3.0,5.0,3.0,7.0,0.0,6.0,4.0,1.0,3.0,17.0,268.0,225.0,83.9,25.0,10.0,6.0,0.0,0.0,,,,,,0.167,0.335,0.502,1.673,,83.96,18.52
Rabiot,Juventus,Midfielder,536.0,7,0.0,0.0,67.6,,,,,,,8.0,2.0,4.0,2.0,,,,11.0,6.0,5.0,27.0,267.0,243.0,89.0,20.0,6.0,4.0,2.0,0.0,,,,,,0.0,0.0,0.0,1.007,,91.01,16.26
Sydorchuk,Dynamo Kyiv,Midfielder,536.0,6,0.0,0.0,69.1,,,,,,,3.0,1.0,2.0,0.0,,,,5.0,3.0,2.0,37.0,297.0,262.0,87.0,0.0,3.0,4.0,2.0,0.0,,,,,,0.0,0.0,0.0,0.504,,88.22,15.91
Maguire,Man. United,Defender,534.0,6,1.0,0.0,49.3,1.0,0.0,0.0,0.0,1.0,0.0,4.0,2.0,1.0,1.0,,,,5.0,1.0,4.0,30.0,346.0,311.0,89.7,0.0,6.0,7.0,0.0,0.0,,,,,,0.169,0.0,0.169,1.011,,89.88,16.0
João Palhinha,Sporting CP,Midfielder,534.0,6,0.0,0.0,66.4,,,,,,,4.0,1.0,2.0,1.0,,,,29.0,11.0,18.0,36.0,194.0,165.0,85.0,0.0,4.0,17.0,2.0,0.0,,,,,,0.0,0.0,0.0,0.674,,85.05,16.24
Tiago Djaló,LOSC,Defender,533.0,7,0.0,0.0,60.5,,,,,,,4.0,0.0,1.0,0.0,,,,8.0,6.0,2.0,39.0,276.0,236.0,83.4,0.0,5.0,8.0,1.0,0.0,,,,,,0.0,0.0,0.0,0.844,,85.51,14.99
Moumi Ngamaleu,Young Boys,Midfielder,532.0,6,1.0,1.0,57.2,1.0,0.0,0.0,0.0,1.0,0.0,11.0,2.0,5.0,4.0,1.0,0.0,34.0,6.0,3.0,3.0,28.0,192.0,159.0,83.2,11.0,10.0,13.0,2.0,0.0,,,,,,0.169,0.169,0.338,1.692,,82.81,17.34
Perišić,Inter,Midfielder,531.0,8,0.0,1.0,65.5,,,,,,,15.0,4.0,7.0,4.0,0.0,2.0,5.0,1.0,1.0,0.0,31.0,219.0,168.0,79.8,25.0,6.0,1.0,0.0,0.0,,,,,,0.0,0.169,0.169,1.017,,76.71,15.63
Nkunku,Leipzig,Midfielder,531.0,6,7.0,0.0,62.8,3.0,1.0,3.0,0.0,7.0,0.0,17.0,11.0,4.0,2.0,,,,4.0,1.0,3.0,15.0,193.0,167.0,86.3,20.0,10.0,8.0,0.0,0.0,,,,,,1.186,0.0,1.186,1.695,,86.53,29.01
Traore,Sheriff,Midfielder,530.0,6,2.0,1.0,64.4,0.0,1.0,1.0,0.0,2.0,0.0,11.0,4.0,6.0,1.0,0.0,1.0,13.0,5.0,0.0,5.0,17.0,105.0,83.0,78.0,33.0,8.0,7.0,0.0,0.0,,,,,,0.34,0.17,0.509,1.358,,79.05,19.24
Burak Yılmaz,LOSC,Forward,529.0,7,3.0,0.0,56.2,2.0,1.0,0.0,1.0,2.0,1.0,,,,,,,,1.0,0.0,1.0,2.0,130.0,91.0,66.6,16.0,8.0,11.0,2.0,0.0,,,,,,0.51,0.0,0.51,1.361,,70.0,18.28
Pedro Porro,Sporting CP,Defender,529.0,7,1.0,0.0,60.9,0.0,0.0,0.0,0.0,1.0,0.0,8.0,3.0,2.0,3.0,,,,2.0,1.0,1.0,19.0,207.0,135.0,65.4,8.0,6.0,12.0,2.0,0.0,,,,,,0.17,0.0,0.17,1.021,,65.22,14.73
Lang,Club Brugge,Forward,528.0,6,0.0,1.0,68.9,,,,,,,10.0,5.0,2.0,3.0,12.0,5.0,17.0,7.0,3.0,4.0,16.0,214.0,152.0,71.3,4.0,2.0,8.0,3.0,0.0,,,,,,0.0,0.17,0.17,0.341,,71.03,15.32
Clinton Mata,Club Brugge,Defender,528.0,6,0.0,0.0,59.9,,,,,,,2.0,1.0,1.0,0.0,,,,8.0,4.0,4.0,22.0,200.0,144.0,70.3,27.0,7.0,10.0,1.0,0.0,,,,,,0.0,0.0,0.0,1.193,,72.0,13.42
Freuler,Atalanta,Midfielder,526.0,6,1.0,1.0,71.6,1.0,0.0,0.0,0.0,1.0,0.0,2.0,1.0,0.0,0.0,0.0,0.0,6.0,10.0,6.0,4.0,30.0,360.0,307.0,84.2,33.0,6.0,11.0,0.0,0.0,,,,,,0.171,0.171,0.342,1.027,,85.28,19.18
Depay,Barcelona,Forward,525.0,6,0.0,0.0,64.4,,,,,,,6.0,0.0,1.0,5.0,,,,4.0,2.0,2.0,2.0,254.0,203.0,80.3,37.0,3.0,6.0,0.0,0.0,,,,,,0.0,0.0,0.0,0.514,,79.92,14.67
Gerard Moreno,Villarreal,Forward,524.0,7,2.0,4.0,65.7,0.0,1.0,1.0,1.0,2.0,0.0,21.0,6.0,9.0,6.0,0.0,3.0,9.0,2.0,0.0,2.0,9.0,163.0,110.0,66.2,16.0,3.0,7.0,1.0,0.0,,,,,,0.344,0.687,1.031,0.515,,67.48,21.19
Lo Celso,Villarreal,Midfielder,524.0,6,0.0,0.0,68.4,,,,,,,5.0,0.0,3.0,2.0,,,,12.0,7.0,5.0,21.0,204.0,170.0,82.5,0.0,8.0,15.0,3.0,0.0,,,,,,0.0,0.0,0.0,1.374,,83.33,15.79
F. de Jong,Barcelona,Midfielder,523.0,6,0.0,0.0,69.0,,,,,,,3.0,1.0,1.0,1.0,,,,10.0,3.0,7.0,25.0,346.0,312.0,90.2,0.0,4.0,7.0,1.0,0.0,,,,,,0.0,0.0,0.0,0.688,,90.17,16.22
Morata,Juventus,Forward,520.0,7,2.0,0.0,60.2,1.0,1.0,0.0,0.0,2.0,0.0,18.0,7.0,8.0,3.0,,,,0.0,0.0,0.0,11.0,137.0,108.0,78.9,0.0,5.0,13.0,0.0,0.0,,,,,,0.346,0.0,0.346,0.865,,78.83,17.91
Bruno Fernandes,Man. United,Midfielder,520.0,7,0.0,7.0,58.4,,,,,,,12.0,3.0,3.0,6.0,10.0,2.0,7.0,13.0,6.0,7.0,17.0,324.0,250.0,78.2,21.0,5.0,9.0,0.0,0.0,,,,,,0.0,1.212,1.212,0.865,,77.16,21.26
Griezmann,Atlético,Forward,518.0,9,4.0,2.0,64.3,0.0,4.0,0.0,0.0,4.0,0.0,12.0,5.0,5.0,2.0,2.0,1.0,8.0,14.0,6.0,8.0,20.0,191.0,151.0,79.8,42.0,6.0,4.0,0.0,1.0,,,,,,0.695,0.347,1.042,1.042,,79.06,25.01
Sučić,Salzburg,Midfielder,516.0,8,1.0,0.0,65.4,0.0,1.0,0.0,1.0,1.0,0.0,12.0,2.0,5.0,5.0,,,,2.0,2.0,0.0,22.0,194.0,153.0,66.9,21.0,4.0,2.0,0.0,0.0,,,,,,0.174,0.0,0.174,0.698,,78.87,15.43
Süle,Bayern,Defender,515.0,7,0.0,0.0,61.4,,,,,,,3.0,0.0,3.0,0.0,,,,3.0,1.0,2.0,40.0,429.0,413.0,94.7,0.0,4.0,2.0,0.0,0.0,,,,,,0.0,0.0,0.0,0.699,,96.27,15.71
Yaremchuk,Benfica,Forward,514.0,10,3.0,0.0,66.5,1.0,2.0,1.0,0.0,3.0,0.0,15.0,9.0,5.0,1.0,,,,5.0,2.0,3.0,2.0,103.0,71.0,70.0,0.0,2.0,13.0,2.0,0.0,,,,,,0.525,0.0,0.525,0.35,,68.93,19.85
Sarabia,Sporting CP,Forward,510.0,8,2.0,0.0,66.6,1.0,1.0,0.0,1.0,2.0,0.0,6.0,4.0,0.0,2.0,,,,6.0,3.0,3.0,9.0,140.0,98.0,71.5,53.0,3.0,12.0,0.0,0.0,,,,,,0.353,0.0,0.353,0.529,,70.0,18.11
Matheus Nunes,Sporting CP,Midfielder,509.0,6,0.0,2.0,64.3,,,,,,,1.0,1.0,0.0,0.0,0.0,0.0,21.0,4.0,2.0,2.0,22.0,211.0,177.0,83.7,0.0,4.0,9.0,3.0,0.0,,,,,,0.0,0.354,0.354,0.707,,83.89,17.0
James,Chelsea,Defender,505.0,6,1.0,0.0,54.6,1.0,0.0,0.0,0.0,1.0,0.0,12.0,5.0,3.0,4.0,,,,2.0,1.0,1.0,27.0,359.0,324.0,90.3,30.0,5.0,7.0,1.0,0.0,,,,,,0.178,0.0,0.178,0.891,,90.25,16.59
Aebischer,Young Boys,Midfielder,504.0,6,0.0,1.0,53.9,,,,,,,7.0,1.0,5.0,1.0,11.0,0.0,6.0,7.0,2.0,5.0,33.0,272.0,235.0,85.5,47.0,6.0,4.0,2.0,0.0,,,,,,0.0,0.179,0.179,1.071,,86.4,15.14
Bellingham,Dortmund,Midfielder,503.0,6,1.0,3.0,62.3,1.0,0.0,0.0,0.0,1.0,0.0,13.0,4.0,6.0,3.0,1.0,1.0,24.0,16.0,9.0,7.0,24.0,281.0,246.0,86.8,28.0,8.0,17.0,1.0,0.0,,,,,,0.179,0.537,0.716,1.431,,87.54,20.81
Zinchenko,Man. City,Defender,501.0,8,0.0,1.0,64.4,,,,,,,6.0,0.0,2.0,4.0,1.0,0.0,3.0,6.0,2.0,4.0,31.0,356.0,314.0,88.0,23.0,5.0,3.0,2.0,0.0,,,,,,0.0,0.18,0.18,0.898,,88.2,16.44
De Ketelaere,Club Brugge,Forward,500.0,6,0.0,1.0,58.5,,,,,,,8.0,5.0,2.0,1.0,6.0,10.0,6.0,1.0,0.0,1.0,9.0,157.0,116.0,73.0,30.0,1.0,11.0,0.0,0.0,,,,,,0.0,0.18,0.18,0.18,,73.89,14.15
Čolak,Malmö,Forward,500.0,6,0.0,0.0,63.0,,,,,,,7.0,1.0,5.0,1.0,,,,2.0,0.0,2.0,4.0,76.0,59.0,77.5,0.0,11.0,7.0,1.0,0.0,,,,,,0.0,0.0,0.0,1.98,,77.63,14.05
Reus,Dortmund,Midfielder,499.0,6,3.0,1.0,62.7,3.0,0.0,0.0,2.0,3.0,0.0,15.0,9.0,3.0,3.0,5.0,7.0,5.0,1.0,0.0,1.0,15.0,215.0,182.0,83.0,7.0,4.0,3.0,1.0,0.0,,,,,,0.541,0.18,0.721,0.721,,84.65,21.57
Rakitskyy,Zenit,Defender,497.0,6,1.0,2.0,52.3,0.0,1.0,0.0,1.0,1.0,0.0,7.0,3.0,2.0,2.0,6.0,0.0,4.0,12.0,7.0,5.0,32.0,348.0,287.0,81.7,28.0,2.0,3.0,1.0,0.0,,,,,,0.181,0.362,0.543,0.362,,82.47,18.1
Barella,Inter,Midfielder,496.0,6,0.0,0.0,65.4,,,,,,,7.0,0.0,7.0,0.0,,,,10.0,3.0,7.0,13.0,306.0,265.0,85.2,50.0,3.0,7.0,0.0,1.0,,,,,,0.0,0.0,0.0,0.544,,86.6,15.36
Innocent,Malmö,Midfielder,496.0,6,0.0,0.0,60.1,,,,,,,1.0,0.0,1.0,0.0,,,,14.0,2.0,12.0,23.0,225.0,202.0,89.5,0.0,11.0,7.0,1.0,0.0,,,,,,0.0,0.0,0.0,1.996,,89.78,15.16
Taremi,Porto,Forward,494.0,6,1.0,1.0,60.6,0.0,0.0,1.0,0.0,1.0,0.0,17.0,3.0,10.0,4.0,1.0,2.0,4.0,2.0,0.0,2.0,12.0,108.0,75.0,70.3,0.0,9.0,6.0,1.0,0.0,,,,,,0.182,0.182,0.364,1.64,,69.44,16.09
João Mário,Benfica,Midfielder,493.0,8,0.0,4.0,66.0,,,,,,,1.0,1.0,0.0,0.0,8.0,0.0,7.0,6.0,2.0,4.0,18.0,268.0,242.0,85.8,40.0,13.0,13.0,2.0,0.0,,,,,,0.0,0.73,0.73,2.373,,90.3,19.38
Addo,Sheriff,Midfielder,835.0,6,0.0,0.0,59.7,,,,,,,1.0,0.0,1.0,0.0,,,,26.0,7.0,19.0,27.0,137.0,118.0,85.2,0.0,14.0,4.0,3.0,0.0,,,,,,0.0,0.0,0.0,1.509,,86.13,15.19
Tsygankov,Dynamo Kyiv,Midfielder,490.0,6,0.0,1.0,65.8,,,,,,,9.0,2.0,4.0,3.0,10.0,0.0,8.0,5.0,1.0,4.0,20.0,192.0,174.0,84.7,22.0,3.0,5.0,1.0,0.0,,,,,,0.0,0.184,0.184,0.551,,90.62,16.15
Elia,Young Boys,Forward,489.0,6,1.0,0.0,49.1,1.0,0.0,0.0,0.0,1.0,0.0,10.0,3.0,7.0,0.0,,,,1.0,0.0,1.0,10.0,118.0,96.0,81.8,7.0,6.0,6.0,1.0,0.0,,,,,,0.184,0.0,0.184,1.104,,81.36,15.09
De Vrij,Inter,Defender,487.0,6,1.0,0.0,55.4,1.0,0.0,0.0,0.0,1.0,0.0,4.0,1.0,1.0,0.0,,,,5.0,4.0,1.0,31.0,322.0,301.0,92.7,0.0,5.0,2.0,0.0,0.0,,,,,,0.185,0.0,0.185,0.924,,93.48,17.21
Sergio Busquets,Barcelona,Midfielder,487.0,6,0.0,0.0,63.9,,,,,,,2.0,0.0,1.0,1.0,,,,19.0,9.0,10.0,29.0,382.0,340.0,89.0,0.0,9.0,14.0,1.0,0.0,,,,,,0.0,0.0,0.0,1.663,,89.01,16.19
Shaparenko,Dynamo Kyiv,Midfielder,486.0,6,0.0,0.0,68.7,,,,,,,7.0,3.0,4.0,0.0,,,,11.0,4.0,7.0,33.0,321.0,287.0,87.3,44.0,7.0,8.0,1.0,0.0,,,,,,0.0,0.0,0.0,1.296,,89.41,16.0
Mukiele,Leipzig,Defender,484.0,6,1.0,1.0,57.0,1.0,0.0,0.0,0.0,1.0,0.0,5.0,2.0,2.0,1.0,0.0,0.0,3.0,9.0,3.0,6.0,30.0,196.0,144.0,72.7,13.0,9.0,8.0,0.0,0.0,,,,,,0.186,0.186,0.372,1.674,,73.47,16.27
Wendel,Zenit,Midfielder,484.0,6,1.0,0.0,59.1,1.0,0.0,0.0,0.0,1.0,0.0,7.0,4.0,2.0,1.0,,,,8.0,4.0,4.0,22.0,295.0,274.0,92.3,0.0,4.0,8.0,1.0,0.0,,,,,,0.186,0.0,0.186,0.744,,92.88,17.54
Meunier,Dortmund,Defender,484.0,6,0.0,1.0,65.6,,,,,,,1.0,1.0,0.0,0.0,0.0,1.0,7.0,3.0,0.0,3.0,42.0,271.0,212.0,77.3,5.0,6.0,1.0,1.0,0.0,,,,,,0.0,0.186,0.186,1.116,,78.23,15.29
De Roon,Atalanta,Midfielder,484.0,6,0.0,0.0,62.1,,,,,,,2.0,0.0,1.0,1.0,,,,4.0,0.0,4.0,34.0,298.0,245.0,81.5,0.0,10.0,1.0,2.0,0.0,,,,,,0.0,0.0,0.0,1.86,,82.21,14.36
Nsoki,Club Brugge,Defender,484.0,6,0.0,0.0,56.8,,,,,,,,,,,,,,7.0,2.0,5.0,41.0,184.0,162.0,85.7,0.0,7.0,2.0,1.0,0.0,,,,,,0.0,0.0,0.0,1.302,,88.04,14.45
Renan Lodi,Atlético,Defender,478.0,10,1.0,2.0,61.7,0.0,0.0,1.0,0.0,1.0,0.0,4.0,2.0,1.0,1.0,1.0,5.0,9.0,21.0,6.0,15.0,23.0,164.0,128.0,78.8,25.0,14.0,6.0,0.0,0.0,,,,,,0.188,0.377,0.565,2.636,,78.05,18.65
Davies,Bayern,Midfielder,477.0,7,0.0,2.0,61.4,,,,,,,7.0,2.0,3.0,2.0,0.0,0.0,18.0,4.0,2.0,2.0,24.0,278.0,236.0,86.7,26.0,7.0,4.0,0.0,0.0,,,,,,0.0,0.377,0.377,1.321,,84.89,17.01
Maycon,Shakhtar Donetsk,Midfielder,473.0,6,0.0,0.0,62.9,,,,,,,1.0,0.0,2.0,3.0,,,,2.0,1.0,1.0,18.0,395.0,373.0,94.5,58.0,5.0,1.0,0.0,0.0,,,,,,0.0,0.0,0.0,0.951,,94.43,15.84
Carrasco,Atlético,Forward,472.0,7,0.0,0.0,60.1,,,,,,,6.0,2.0,1.0,3.0,,,,1.0,0.0,1.0,8.0,148.0,117.0,79.7,21.0,1.0,7.0,0.0,1.0,,,,,,0.0,0.0,0.0,0.191,,79.05,13.98
Cuadrado,Juventus,Midfielder,472.0,7,0.0,0.0,56.2,,,,,,,3.0,0.0,3.0,0.0,,,,6.0,1.0,5.0,23.0,256.0,226.0,87.2,32.0,3.0,9.0,2.0,0.0,,,,,,0.0,0.0,0.0,0.572,,88.28,14.44
Felipe,Atlético,Defender,472.0,7,0.0,0.0,51.4,,,,,,,1.0,0.0,1.0,0.0,,,,3.0,1.0,2.0,34.0,195.0,168.0,73.6,0.0,7.0,2.0,3.0,2.0,,,,,,0.0,0.0,0.0,1.335,,86.15,12.6
Witsel,Dortmund,Midfielder,471.0,6,0.0,0.0,59.8,,,,,,,1.0,1.0,0.0,0.0,,,,5.0,2.0,3.0,35.0,311.0,294.0,93.2,0.0,5.0,4.0,1.0,0.0,,,,,,0.0,0.0,0.0,0.955,,94.53,15.5
Neymar,Paris,Forward,468.0,6,0.0,1.0,55.6,,,,,,,10.0,1.0,5.0,4.0,7.0,1.0,27.0,3.0,1.0,2.0,11.0,259.0,223.0,84.2,0.0,4.0,20.0,1.0,0.0,,,,,,0.0,0.192,0.192,0.769,,86.1,15.08
Bamba,LOSC,Forward,468.0,6,0.0,0.0,58.2,,,,,,,4.0,1.0,0.0,3.0,,,,5.0,1.0,4.0,19.0,218.0,174.0,81.3,40.0,7.0,11.0,3.0,0.0,,,,,,0.0,0.0,0.0,1.346,,79.82,14.05
Dumfries,Inter,Defender,467.0,7,0.0,1.0,60.2,,,,,,,6.0,1.0,4.0,1.0,0.0,0.0,5.0,6.0,1.0,5.0,10.0,124.0,93.0,77.2,14.0,12.0,7.0,1.0,0.0,,,,,,0.0,0.193,0.193,2.313,,75.0,14.84
Goretzka,Bayern,Midfielder,466.0,6,0.0,0.0,59.3,,,,,,,16.0,3.0,7.0,6.0,,,,8.0,5.0,3.0,35.0,338.0,307.0,85.7,33.0,7.0,4.0,0.0,0.0,,,,,,0.0,0.0,0.0,1.352,,90.83,15.0
Zapata,Atalanta,Forward,464.0,6,3.0,3.0,50.1,2.0,1.0,0.0,0.0,3.0,0.0,22.0,8.0,7.0,7.0,0.0,7.0,10.0,2.0,1.0,1.0,2.0,130.0,92.0,70.0,20.0,7.0,6.0,1.0,0.0,,,,,,0.582,0.582,1.164,1.358,,70.77,21.11
Coquelin,Villarreal,Midfielder,463.0,8,1.0,0.0,57.6,0.0,0.0,1.0,0.0,1.0,0.0,3.0,2.0,1.0,0.0,,,,9.0,3.0,6.0,13.0,150.0,124.0,82.0,50.0,9.0,4.0,2.0,1.0,,,,,,0.194,0.0,0.194,1.749,,82.67,16.26
Ocampos,Sevilla,Midfielder,463.0,6,1.0,1.0,50.6,1.0,0.0,0.0,0.0,1.0,0.0,12.0,3.0,7.0,2.0,1.0,1.0,16.0,1.0,0.0,1.0,9.0,165.0,133.0,79.2,21.0,4.0,18.0,2.0,0.0,,,,,,0.194,0.194,0.389,0.778,,80.61,15.98
Lauper,Young Boys,Midfielder,462.0,6,0.0,0.0,42.1,,,,,,,3.0,3.0,0.0,0.0,,,,12.0,7.0,5.0,43.0,348.0,313.0,90.2,0.0,3.0,1.0,0.0,0.0,,,,,,0.0,0.0,0.0,0.584,,89.94,13.93
Grealish,Man. City,Midfielder,461.0,7,1.0,1.0,57.1,1.0,0.0,0.0,0.0,1.0,0.0,10.0,3.0,0.0,7.0,3.0,6.0,18.0,2.0,0.0,2.0,11.0,243.0,214.0,87.2,40.0,9.0,17.0,0.0,0.0,,,,,,0.195,0.195,0.39,1.757,,88.07,17.43
Claudinho,Zenit,Midfielder,460.0,6,2.0,0.0,55.8,1.0,0.0,1.0,0.0,2.0,0.0,13.0,4.0,6.0,3.0,,,,6.0,1.0,5.0,20.0,267.0,229.0,83.0,45.0,7.0,8.0,1.0,0.0,,,,,,0.391,0.0,0.391,1.37,,85.77,17.98
Otávio,Porto,Midfielder,450.0,6,0.0,0.0,53.8,,,,,,,6.0,0.0,4.0,2.0,,,,13.0,7.0,6.0,19.0,197.0,149.0,70.0,56.0,12.0,8.0,1.0,0.0,,,,,,0.0,0.0,0.0,2.4,,75.63,13.08
Feddal,Sporting CP,Defender,450.0,6,0.0,0.0,49.2,,,,,,,1.0,0.0,1.0,0.0,,,,8.0,3.0,5.0,24.0,259.0,229.0,71.5,0.0,,,,,,,,,,0.0,0.0,0.0,0.0,,88.42,12.37
Palomino,Atalanta,Defender,450.0,5,1.0,1.0,50.5,0.0,1.0,0.0,0.0,1.0,0.0,3.0,1.0,1.0,1.0,0.0,1.0,0.0,6.0,3.0,3.0,41.0,245.0,207.0,83.6,0.0,5.0,0.0,1.0,0.0,,,,,,0.2,0.2,0.4,1.0,,84.49,16.71
T. Hernández,Milan,Defender,450.0,5,0.0,1.0,51.4,,,,,,,3.0,0.0,2.0,1.0,3.0,4.0,10.0,5.0,2.0,3.0,21.0,215.0,172.0,78.6,31.0,5.0,9.0,2.0,0.0,,,,,,0.0,0.2,0.2,1.0,,80.0,14.2
Danilo,Juventus,Defender,450.0,5,0.0,1.0,49.9,,,,,,,2.0,0.0,0.0,2.0,0.0,0.0,1.0,9.0,1.0,8.0,24.0,362.0,331.0,89.6,0.0,4.0,6.0,0.0,0.0,,,,,,0.0,0.2,0.2,0.8,,91.44,15.05
Mykolenko,Dynamo Kyiv,Defender,450.0,5,0.0,0.0,56.4,,,,,,,2.0,1.0,1.0,0.0,,,,6.0,2.0,4.0,22.0,201.0,171.0,84.2,22.0,3.0,5.0,0.0,0.0,,,,,,0.0,0.0,0.0,0.6,,85.07,14.26
Syrota,Dynamo Kyiv,Defender,450.0,5,0.0,0.0,54.0,,,,,,,1.0,0.0,1.0,0.0,,,,4.0,3.0,1.0,23.0,224.0,194.0,83.0,0.0,4.0,0.0,0.0,0.0,,,,,,0.0,0.0,0.0,0.8,,86.61,14.0
Koundé,Sevilla,Defender,450.0,5,0.0,0.0,34.55,,,,,,,5.0,2.0,2.0,1.0,,,,0.0,0.0,0.0,48.0,343.0,311.0,90.0,0.0,3.0,4.0,0.0,0.0,,,,,,0.0,0.0,0.0,0.6,,90.67,12.455
Savić,Atlético,Defender,450.0,5,0.0,0.0,51.6,,,,,,,2.0,0.0,1.0,1.0,,,,6.0,5.0,1.0,34.0,191.0,158.0,81.0,0.0,1.0,1.0,1.0,0.0,,,,,,0.0,0.0,0.0,0.2,,82.72,13.76
Akanji,Dortmund,Defender,450.0,5,0.0,0.0,50.6,,,,,,,2.0,0.0,1.0,1.0,,,,5.0,2.0,3.0,39.0,299.0,262.0,87.0,0.0,1.0,2.0,0.0,0.0,,,,,,0.0,0.0,0.0,0.2,,87.63,13.96
L. Nielsen,Malmö,Defender,450.0,5,0.0,0.0,49.1,,,,,,,2.0,0.0,1.0,1.0,,,,6.0,5.0,2.0,27.0,162.0,140.0,84.8,0.0,2.0,1.0,2.0,0.0,,,,,,0.0,0.0,0.0,0.4,,86.42,13.89
Marlon,Shakhtar Donetsk,Defender,450.0,5,0.0,0.0,48.8,,,,,,,3.0,0.0,3.0,0.0,,,,3.0,1.0,2.0,21.0,424.0,402.0,83.0,0.0,6.0,0.0,0.0,0.0,,,,,,0.0,0.0,0.0,1.2,,94.81,13.28
Mbemba,Porto,Defender,450.0,5,0.0,0.0,46.5,,,,,,,2.0,0.0,1.0,1.0,,,,4.0,1.0,3.0,31.0,215.0,192.0,88.2,100.0,3.0,4.0,2.0,1.0,,,,,,0.0,0.0,0.0,0.6,,89.3,13.57
Casteels,Wolfsburg,Goalkeeper,450.0,5,0.0,0.0,30.8,,,,,,,,,,,,,,,,,,182.0,129.0,71.4,0.0,,,,,18.0,8.0,1.0,0.0,2.0,0.0,0.0,0.0,0.0,0.692,70.88,10.22
Ersin Destanoğlu,Beşiktaş,Midfielder,450.0,5,0.0,0.0,29.3,,,,,,,,,,,,,,,,,,145.0,101.0,70.2,0.0,,,,,20.0,17.0,0.0,0.0,0.0,0.0,0.0,0.0,0.0,0.541,69.66,9.95
Donnarumma,Paris,Goalkeeper,450.0,5,0.0,0.0,27.5,,,,,,,,,,,,,,,,,,153.0,128.0,83.8,0.0,,,,,18.0,6.0,2.0,1.0,9.0,0.0,0.0,0.0,0.0,0.75,83.66,11.13
Gulácsi,Leipzig,Goalkeeper,450.0,5,0.0,0.0,27.2,,,,,,,,,,,,,,,,,,182.0,145.0,81.2,0.0,,,,,13.0,14.0,0.0,0.0,0.0,0.0,0.0,0.0,0.0,0.481,79.67,10.84
Bushchan,Dynamo Kyiv,Goalkeeper,450.0,5,0.0,0.0,25.6,,,,,,,,,,,,,,,,,,200.0,142.0,71.0,0.0,,,,,13.0,11.0,0.0,0.0,4.0,0.0,0.0,0.0,0.0,0.542,71.0,9.66
Athanasiadis,Sheriff,Goalkeeper,450.0,5,0.0,0.0,22.7,,,,,,,,,,,,,,,,,,154.0,106.0,69.2,0.0,,,,,29.0,0.0,5.0,0.0,2.0,0.0,0.0,0.0,0.0,1.0,68.83,9.19
Musiala,Bayern,Midfielder,448.0,8,1.0,1.0,59.0,0.0,1.0,0.0,0.0,1.0,0.0,10.0,3.0,2.0,5.0,0.0,1.0,20.0,2.0,1.0,1.0,17.0,168.0,141.0,83.4,0.0,5.0,5.0,0.0,0.0,,,,,,0.201,0.201,0.402,1.004,,83.93,17.34
Brorsson,Malmö,Defender,448.0,5,0.0,0.0,49.9,,,,,,,,,,,,,,4.0,3.0,1.0,17.0,163.0,139.0,80.2,0.0,5.0,2.0,2.0,0.0,,,,,,0.0,0.0,0.0,1.004,,85.28,13.31
Ziyech,Chelsea,Midfielder,446.0,9,1.0,2.0,53.5,0.0,1.0,0.0,0.0,1.0,0.0,13.0,6.0,2.0,5.0,23.0,0.0,12.0,5.0,2.0,3.0,11.0,240.0,186.0,76.8,26.0,13.0,8.0,2.0,0.0,,,,,,0.202,0.404,0.605,2.623,,77.5,17.23
Saelemaekers,Milan,Midfielder,444.0,6,0.0,0.0,57.3,,,,,,,4.0,1.0,1.0,2.0,,,,5.0,1.0,4.0,24.0,182.0,141.0,77.5,28.0,7.0,7.0,1.0,0.0,,,,,,0.0,0.0,0.0,1.419,,77.47,13.58
Douglas Santos,Zenit,Defender,444.0,5,0.0,2.0,50.5,,,,,,,5.0,0.0,3.0,2.0,6.0,1.0,3.0,8.0,5.0,3.0,23.0,238.0,202.0,85.0,39.0,4.0,6.0,0.0,0.0,,,,,,0.0,0.405,0.405,0.811,,84.87,16.05
Chistiakov,Zenit,Defender,444.0,5,0.0,0.0,50.8,,,,,,,5.0,1.0,2.0,2.0,,,,6.0,4.0,2.0,19.0,209.0,196.0,92.2,0.0,7.0,1.0,2.0,1.0,,,,,,0.0,0.0,0.0,1.419,,93.78,14.7
Souza,Beşiktaş,Midfielder,442.0,5,0.0,0.0,55.5,,,,,,,3.0,0.0,2.0,1.0,,,,20.0,12.0,2.0,40.0,267.0,237.0,87.2,0.0,7.0,3.0,3.0,1.0,,,,,,0.0,0.0,0.0,1.425,,88.76,15.47
Berget,Malmö,Midfielder,438.0,5,0.0,0.0,53.0,,,,,,,,,,,,,,3.0,1.0,2.0,15.0,162.0,104.0,64.2,28.0,3.0,4.0,0.0,0.0,,,,,,0.0,0.0,0.0,0.616,,64.2,11.82
Onguéné,Salzburg,Defender,437.0,5,0.0,0.0,48.3,,,,,,,,,,,,,,4.0,3.0,1.0,33.0,242.0,213.0,87.2,0.0,5.0,5.0,1.0,0.0,,,,,,0.0,0.0,0.0,1.03,,88.02,13.85
Buyalskiy,Dynamo Kyiv,Midfielder,436.0,5,0.0,0.0,58.5,,,,,,,4.0,1.0,0.0,1.0,,,,5.0,5.0,3.0,8.0,101.0,84.0,80.4,50.0,2.0,14.0,1.0,0.0,,,,,,0.0,0.0,0.0,0.413,,83.17,14.39
Xeka,LOSC,Midfielder,435.0,7,0.0,0.0,54.1,,,,,,,4.0,0.0,3.0,1.0,,,,8.0,1.0,7.0,19.0,218.0,180.0,80.3,33.0,6.0,5.0,3.0,0.0,,,,,,0.0,0.0,0.0,1.241,,82.57,13.54
Mæhle,Atalanta,Defender,435.0,5,0.0,1.0,56.4,,,,,,,3.0,0.0,2.0,1.0,0.0,1.0,11.0,4.0,3.0,1.0,21.0,217.0,184.0,83.0,0.0,3.0,7.0,0.0,0.0,,,,,,0.0,0.207,0.207,0.621,,84.79,15.24
Garcia,Young Boys,Defender,435.0,5,0.0,0.0,40.2,,,,,,,5.0,1.0,2.0,2.0,,,,8.0,4.0,4.0,21.0,226.0,184.0,79.8,30.0,9.0,2.0,1.0,0.0,,,,,,0.0,0.0,0.0,1.862,,81.42,12.4
Malcom,Zenit,Forward,434.0,6,0.0,1.0,48.6,,,,,,,10.0,3.0,3.0,4.0,6.0,2.0,12.0,3.0,2.0,1.0,13.0,179.0,149.0,84.5,23.0,3.0,14.0,0.0,0.0,,,,,,0.0,0.207,0.207,0.622,,83.24,14.51
Fred,Man. United,Midfielder,433.0,6,0.0,0.0,43.4,,,,,,,5.0,2.0,2.0,1.0,,,,10.0,6.0,4.0,29.0,262.0,224.0,84.8,50.0,4.0,10.0,1.0,0.0,,,,,,0.0,0.0,0.0,0.831,,85.5,13.42
Angeliño,Leipzig,Defender,432.0,5,0.0,3.0,50.7,,,,,,,5.0,0.0,2.0,3.0,8.0,0.0,4.0,3.0,2.0,1.0,14.0,180.0,132.0,72.4,26.0,4.0,2.0,2.0,1.0,,,,,,0.0,0.625,0.625,0.833,,73.33,15.51
Pedraza,Villarreal,Midfielder,302.0,10,0.0,1.0,55.3,,,,,,,6.0,0.0,6.0,0.0,0.0,0.0,9.0,4.0,1.0,3.0,18.0,195.0,151.0,61.4,15.0,5.0,3.0,1.0,0.0,,,,,,0.0,0.298,0.298,1.49,,77.44,12.77
Pino,Villarreal,Forward,431.0,7,1.0,0.0,54.7,0.0,0.0,1.0,0.0,1.0,0.0,4.0,2.0,2.0,0.0,,,,10.0,4.0,6.0,14.0,106.0,88.0,76.7,0.0,7.0,7.0,3.0,0.0,,,,,,0.209,0.0,0.209,1.462,,83.02,15.54
Verratti,Paris,Midfielder,431.0,5,0.0,0.0,55.7,,,,,,,,,,,,,,35.0,18.0,17.0,22.0,436.0,403.0,93.0,0.0,5.0,10.0,2.0,0.0,,,,,,0.0,0.0,0.0,1.044,,92.43,16.67
Guilavogui,Wolfsburg,Midfielder,429.0,5,0.0,0.0,50.5,,,,,,,1.0,0.0,1.0,0.0,,,,6.0,1.0,5.0,39.0,215.0,184.0,85.4,0.0,11.0,2.0,4.0,1.0,,,,,,0.0,0.0,0.0,2.308,,85.58,13.69
Kanté,Chelsea,Midfielder,427.0,6,0.0,1.0,52.2,,,,,,,3.0,1.0,2.0,1.0,0.0,0.0,5.0,9.0,3.0,6.0,29.0,274.0,245.0,89.8,50.0,12.0,2.0,0.0,0.0,,,,,,0.0,0.211,0.211,2.529,,89.42,15.5
Kovačić,Chelsea,Midfielder,426.0,6,0.0,0.0,50.3,,,,,,,4.0,0.0,2.0,2.0,,,,12.0,5.0,7.0,16.0,457.0,425.0,91.3,0.0,6.0,4.0,0.0,0.0,,,,,,0.0,0.0,0.0,1.268,,93.0,14.66
Lindelöf,Man. United,Defender,426.0,5,0.0,0.0,37.8,,,,,,,,,,,,,,5.0,3.0,2.0,30.0,280.0,263.0,93.6,50.0,5.0,1.0,1.0,0.0,,,,,,0.0,0.0,0.0,1.056,,93.93,13.44
Hermoso,Atlético,Defender,425.0,6,0.0,0.0,47.7,,,,,,,2.0,0.0,1.0,1.0,,,,2.0,1.0,1.0,28.0,165.0,127.0,76.0,0.0,9.0,1.0,1.0,0.0,,,,,,0.0,0.0,0.0,1.906,,76.97,12.47
C. Martins Pereira,Young Boys,Midfielder,420.0,5,0.0,0.0,44.5,,,,,,,5.0,1.0,3.0,1.0,,,,10.0,2.0,8.0,32.0,177.0,162.0,91.2,0.0,7.0,4.0,1.0,0.0,,,,,,0.0,0.0,0.0,1.5,,91.53,13.77
Hakan Çalhanoğlu,Inter,Midfielder,419.0,6,0.0,0.0,55.2,,,,,,,5.0,1.0,3.0,1.0,,,,8.0,2.0,6.0,14.0,262.0,225.0,85.7,47.0,5.0,4.0,0.0,0.0,,,,,,0.0,0.0,0.0,1.074,,85.88,14.29
Wan-Bissaka,Man. United,Defender,1051.0,6,0.0,0.0,45.9,,,,,,,1.0,0.0,0.0,1.0,,,,12.0,7.0,5.0,28.0,254.0,218.0,84.8,0.0,4.0,2.0,0.0,1.0,,,,,,0.0,0.0,0.0,0.343,,85.83,13.77
Tomori,Milan,Defender,418.0,5,1.0,0.0,45.4,1.0,0.0,0.0,0.0,1.0,0.0,3.0,2.0,1.0,0.0,,,,10.0,3.0,2.0,30.0,194.0,169.0,87.4,0.0,7.0,4.0,2.0,0.0,,,,,,0.215,0.0,0.215,1.507,,87.11,15.58
Botman,LOSC,Defender,418.0,5,0.0,0.0,47.4,,,,,,,3.0,1.0,2.0,0.0,,,,7.0,5.0,2.0,37.0,248.0,220.0,88.0,0.0,1.0,3.0,1.0,0.0,,,,,,0.0,0.0,0.0,0.215,,88.71,14.04
Rits,Club Brugge,Midfielder,417.0,6,2.0,0.0,34.55,1.0,1.0,0.0,0.0,2.0,0.0,8.0,4.0,2.0,2.0,,,,5.0,3.0,2.0,14.0,129.0,101.0,77.2,33.0,2.0,4.0,0.0,0.0,,,,,,0.432,0.0,0.432,0.432,,78.29,15.475
Baku,Wolfsburg,Midfielder,413.0,6,1.0,0.0,48.6,1.0,0.0,0.0,0.0,1.0,0.0,2.0,1.0,0.0,1.0,,,,0.0,0.0,0.0,11.0,144.0,99.0,68.7,11.0,3.0,1.0,0.0,0.0,,,,,,0.218,0.0,0.218,0.654,,68.75,13.73
Ahmedhodžić,Malmö,Defender,413.0,5,0.0,0.0,46.3,,,,,,,,,,,,,,6.0,3.0,3.0,32.0,225.0,191.0,83.0,0.0,6.0,0.0,1.0,1.0,,,,,,0.0,0.0,0.0,1.308,,84.89,13.23
André Silva,Leipzig,Forward,410.0,6,3.0,2.0,47.2,2.0,0.0,1.0,0.0,3.0,0.0,21.0,10.0,6.0,5.0,0.0,9.0,5.0,3.0,0.0,3.0,8.0,99.0,82.0,83.8,66.0,8.0,8.0,0.0,0.0,,,,,,0.659,0.439,1.098,1.756,,82.83,21.1
Vidal,Inter,Midfielder,409.0,7,1.0,2.0,53.2,0.0,1.0,0.0,0.0,1.0,0.0,3.0,2.0,0.0,1.0,0.0,0.0,2.0,19.0,10.0,9.0,30.0,254.0,222.0,90.4,66.0,10.0,6.0,1.0,0.0,,,,,,0.22,0.44,0.66,2.2,,87.4,19.36
Balanta,Club Brugge,Midfielder,407.0,5,0.0,0.0,50.7,,,,,,,,,,,,,,10.0,10.0,7.0,37.0,155.0,124.0,79.8,0.0,18.0,3.0,4.0,0.0,,,,,,0.0,0.0,0.0,3.98,,80.0,14.05
Renato Sanches,LOSC,Midfielder,407.0,5,0.0,0.0,49.2,,,,,,,4.0,1.0,2.0,1.0,,,,3.0,1.0,2.0,12.0,204.0,163.0,80.4,11.0,9.0,8.0,0.0,0.0,,,,,,0.0,0.0,0.0,1.99,,79.9,13.06
Zappacosta,Atalanta,Defender,405.0,6,0.0,1.0,51.0,,,,,,,7.0,1.0,4.0,2.0,0.0,0.0,12.0,4.0,0.0,4.0,10.0,197.0,188.0,89.7,8.0,6.0,11.0,1.0,0.0,,,,,,0.0,0.222,0.222,1.333,,95.43,15.07
Laimer,Leipzig,Midfielder,405.0,6,0.0,1.0,49.1,,,,,,,5.0,3.0,1.0,1.0,0.0,0.0,4.0,11.0,2.0,9.0,19.0,187.0,149.0,81.2,16.0,11.0,5.0,0.0,0.0,,,,,,0.0,0.222,0.222,2.444,,79.68,14.23
Kolovos,Sheriff,Midfielder,405.0,6,0.0,0.0,49.3,,,,,,,2.0,0.0,0.0,2.0,,,,1.0,0.0,1.0,10.0,88.0,66.0,71.5,0.0,1.0,8.0,1.0,0.0,,,,,,0.0,0.0,0.0,0.222,,75.0,12.08
Rosier,Beşiktaş,Defender,405.0,5,0.0,0.0,46.8,,,,,,,1.0,0.0,1.0,0.0,,,,7.0,3.0,4.0,23.0,177.0,150.0,84.4,14.0,4.0,3.0,0.0,0.0,,,,,,0.0,0.0,0.0,0.889,,84.75,13.42
Correa,Atlético,Forward,401.0,10,1.0,0.0,49.6,1.0,0.0,0.0,0.0,1.0,0.0,9.0,3.0,4.0,2.0,,,,5.0,3.0,2.0,12.0,139.0,107.0,65.6,28.0,10.0,8.0,2.0,0.0,,,,,,0.224,0.0,0.224,2.244,,76.98,13.82
Gueye,Paris,Midfielder,400.0,7,1.0,0.0,48.1,1.0,0.0,0.0,0.0,1.0,0.0,4.0,2.0,2.0,0.0,,,,12.0,5.0,7.0,14.0,209.0,190.0,88.7,33.0,10.0,7.0,1.0,0.0,,,,,,0.225,0.0,0.225,2.25,,90.91,16.18
McTominay,Man. United,Midfielder,400.0,5,0.0,0.0,53.8,,,,,,,4.0,1.0,2.0,1.0,,,,7.0,2.0,5.0,28.0,217.0,197.0,90.2,0.0,7.0,4.0,1.0,0.0,,,,,,0.0,0.0,0.0,1.575,,90.78,14.6
Gavi,Barcelona,Midfielder,398.0,6,0.0,0.0,54.1,,,,,,,4.0,0.0,3.0,1.0,,,,9.0,4.0,5.0,20.0,164.0,153.0,92.8,0.0,16.0,7.0,2.0,0.0,,,,,,0.0,0.0,0.0,3.618,,93.29,15.09
Weghorst,Wolfsburg,Forward,398.0,5,0.0,0.0,34.55,,,,,,,8.0,2.0,5.0,1.0,,,,3.0,2.0,1.0,10.0,92.0,69.0,75.0,0.0,10.0,6.0,2.0,0.0,,,,,,0.0,0.0,0.0,2.261,,75.0,11.155
Shaw,Man. United,Defender,397.0,5,0.0,2.0,36.6,,,,,,,1.0,0.0,1.0,0.0,3.0,1.0,1.0,6.0,4.0,2.0,20.0,233.0,190.0,79.8,29.0,7.0,5.0,2.0,0.0,,,,,,0.0,0.453,0.453,1.587,,81.55,14.04
Brandt,Dortmund,Midfielder,395.0,5,0.0,0.0,51.8,,,,,,,4.0,0.0,3.0,1.0,,,,1.0,0.0,1.0,23.0,240.0,198.0,83.6,26.0,2.0,2.0,0.0,0.0,,,,,,0.0,0.0,0.0,0.456,,82.5,13.54
Sancho,Man. United,Midfielder,393.0,7,1.0,0.0,34.55,1.0,0.0,0.0,0.0,1.0,0.0,5.0,3.0,1.0,1.0,,,,0.0,0.0,0.0,10.0,202.0,176.0,85.7,0.0,,,,,,,,,,0.229,0.0,0.229,0.0,,87.13,14.025
Piqué,Barcelona,Defender,393.0,5,1.0,0.0,44.0,1.0,0.0,0.0,0.0,1.0,0.0,1.0,1.0,1.0,0.0,,,,8.0,1.0,7.0,33.0,288.0,269.0,92.8,0.0,8.0,3.0,2.0,0.0,,,,,,0.229,0.0,0.229,1.832,,93.4,15.78
Malen,Dortmund,Forward,392.0,6,3.0,0.0,43.7,1.0,2.0,0.0,0.0,3.0,0.0,11.0,5.0,3.0,3.0,,,,0.0,0.0,0.0,12.0,137.0,107.0,76.3,33.0,6.0,5.0,0.0,0.0,,,,,,0.689,0.0,0.689,1.378,,78.1,18.0
Romagnoli,Milan,Defender,392.0,5,0.0,0.0,44.7,,,,,,,1.0,0.0,1.0,0.0,,,,10.0,7.0,3.0,32.0,221.0,192.0,86.4,0.0,4.0,0.0,0.0,0.0,,,,,,0.0,0.0,0.0,0.918,,86.88,13.81
Gnabry,Bayern,Forward,391.0,8,3.0,2.0,46.7,2.0,0.0,0.0,0.0,3.0,0.0,18.0,8.0,6.0,4.0,3.0,0.0,12.0,2.0,1.0,1.0,14.0,231.0,194.0,73.6,20.0,3.0,1.0,0.0,0.0,,,,,,0.691,0.46,1.151,0.691,,83.98,20.13
Zaidu,Porto,Defender,389.0,6,0.0,0.0,45.9,,,,,,,1.0,0.0,1.0,0.0,,,,3.0,4.0,3.0,26.0,152.0,112.0,73.7,25.0,4.0,6.0,1.0,0.0,,,,,,0.0,0.0,0.0,0.925,,73.68,12.36
McKennie,Juventus,Midfielder,388.0,6,0.0,0.0,51.9,,,,,,,7.0,3.0,3.0,1.0,,,,5.0,0.0,5.0,15.0,170.0,153.0,85.8,0.0,3.0,2.0,0.0,0.0,,,,,,0.0,0.0,0.0,0.696,,90.0,13.77
Hefti,Young Boys,Defender,386.0,6,1.0,1.0,38.8,0.0,1.0,0.0,0.0,0.0,1.0,2.0,1.0,0.0,1.0,0.0,0.0,3.0,9.0,4.0,5.0,19.0,204.0,154.0,74.7,30.0,9.0,1.0,1.0,0.0,,,,,,0.233,0.233,0.466,2.098,,75.49,14.75
Forsberg,Leipzig,Forward,385.0,6,2.0,2.0,48.2,2.0,0.0,0.0,1.0,1.0,1.0,11.0,4.0,3.0,1.0,9.0,0.0,3.0,2.0,0.0,2.0,12.0,164.0,132.0,83.8,53.0,6.0,4.0,0.0,0.0,,,,,,0.468,0.468,0.935,1.403,,80.49,19.2
Batshuayi,Beşiktaş,Forward,383.0,5,0.0,0.0,43.5,,,,,,,10.0,2.0,7.0,1.0,,,,2.0,0.0,2.0,4.0,88.0,66.0,73.2,0.0,6.0,3.0,1.0,0.0,,,,,,0.0,0.0,0.0,1.41,,75.0,11.67
Bentancur,Juventus,Midfielder,382.0,5,0.0,1.0,48.7,,,,,,,2.0,0.0,2.0,0.0,0.0,1.0,2.0,7.0,3.0,4.0,23.0,206.0,176.0,83.0,0.0,5.0,2.0,0.0,0.0,,,,,,0.0,0.236,0.236,1.178,,85.44,14.47
Ricardo Esgaio,Sporting CP,Defender,380.0,8,0.0,2.0,48.8,,,,,,,2.0,0.0,1.0,1.0,0.0,0.0,1.0,7.0,3.0,4.0,17.0,171.0,146.0,75.6,33.0,7.0,3.0,1.0,0.0,,,,,,0.0,0.474,0.474,1.658,,85.38,14.74
Acuña,Sevilla,Defender,379.0,5,0.0,0.0,43.2,,,,,,,,,,,,,,8.0,6.0,2.0,19.0,275.0,214.0,77.8,40.0,12.0,6.0,0.0,0.0,,,,,,0.0,0.0,0.0,2.85,,77.82,12.7
Lemar,Atlético,Midfielder,377.0,8,0.0,1.0,48.9,,,,,,,4.0,3.0,0.0,1.0,7.0,0.0,7.0,4.0,3.0,1.0,14.0,171.0,133.0,76.1,28.0,3.0,3.0,0.0,0.0,,,,,,0.0,0.239,0.239,0.716,,77.78,13.8
Bennacer,Milan,Midfielder,376.0,6,0.0,0.0,47.1,,,,,,,2.0,1.0,0.0,1.0,,,,9.0,5.0,4.0,31.0,200.0,170.0,85.8,36.0,4.0,8.0,1.0,0.0,,,,,,0.0,0.0,0.0,0.957,,85.0,13.79
De Pena,Dynamo Kyiv,Midfielder,375.0,6,0.0,0.0,49.0,,,,,,,4.0,2.0,0.0,2.0,,,,2.0,1.0,1.0,10.0,124.0,87.0,70.3,10.0,,,,,,,,,,0.0,0.0,0.0,0.0,,70.16,12.03
Jordi Alba,Barcelona,Defender,375.0,5,0.0,1.0,45.8,,,,,,,1.0,1.0,1.0,0.0,0.0,1.0,0.0,4.0,1.0,3.0,22.0,301.0,251.0,84.0,30.0,4.0,2.0,0.0,0.0,,,,,,0.0,0.24,0.24,0.96,,83.39,14.08
Tetê,Shakhtar Donetsk,Forward,373.0,6,0.0,0.0,44.5,,,,,,,9.0,2.0,4.0,3.0,,,,1.0,0.0,1.0,6.0,129.0,110.0,86.5,0.0,6.0,10.0,0.0,0.0,,,,,,0.0,0.0,0.0,1.448,,85.27,13.1
Demiral,Atalanta,Defender,370.0,6,1.0,0.0,42.2,0.0,0.0,1.0,0.0,1.0,0.0,2.0,2.0,0.0,0.0,,,,3.0,1.0,2.0,31.0,176.0,162.0,92.2,0.0,4.0,2.0,1.0,0.0,,,,,,0.243,0.0,0.243,0.973,,92.05,15.54
Gonçalo Ramos,Benfica,Forward,369.0,7,1.0,1.0,52.1,1.0,0.0,0.0,0.0,1.0,0.0,10.0,1.0,4.0,4.0,0.0,0.0,4.0,0.0,0.0,0.0,14.0,101.0,76.0,78.3,0.0,8.0,6.0,2.0,0.0,,,,,,0.244,0.244,0.488,1.951,,75.25,16.04
Luís Neto,Sporting CP,Defender,368.0,6,0.0,0.0,38.6,,,,,,,,,,,,,,13.0,7.0,6.0,25.0,220.0,202.0,90.7,0.0,,,,,,,,,,0.0,0.0,0.0,0.0,,91.82,13.63
Pulišić,Chelsea,Midfielder,367.0,7,2.0,1.0,47.3,2.0,0.0,0.0,0.0,2.0,0.0,6.0,2.0,4.0,0.0,0.0,1.0,11.0,3.0,1.0,2.0,3.0,123.0,106.0,86.3,25.0,4.0,4.0,0.0,0.0,,,,,,0.49,0.245,0.736,0.981,,86.18,18.46
Ronald Araújo,Barcelona,Defender,367.0,5,0.0,0.0,36.4,,,,,,,3.0,0.0,3.0,0.0,,,,8.0,6.0,2.0,19.0,192.0,167.0,86.0,33.0,1.0,5.0,1.0,0.0,,,,,,0.0,0.0,0.0,0.245,,86.98,12.84
Kędziora,Dynamo Kyiv,Defender,366.0,5,0.0,0.0,44.4,,,,,,,,,,,,,,8.0,4.0,4.0,12.0,129.0,106.0,82.0,16.0,3.0,3.0,0.0,0.0,,,,,,0.0,0.0,0.0,0.738,,82.17,13.04
Danilo,Paris,Midfielder,362.0,7,0.0,0.0,40.6,,,,,,,2.0,1.0,2.0,1.0,,,,4.0,1.0,2.0,15.0,199.0,185.0,79.4,0.0,6.0,3.0,2.0,0.0,,,,,,0.0,0.0,0.0,1.492,,92.96,12.1
Roussillon,Wolfsburg,Defender,362.0,6,0.0,0.0,41.6,,,,,,,1.0,0.0,1.0,0.0,,,,3.0,2.0,1.0,27.0,131.0,103.0,78.7,0.0,4.0,2.0,2.0,0.0,,,,,,0.0,0.0,0.0,0.994,,78.63,12.23
Tolói,Atalanta,Defender,360.0,4,0.0,0.0,45.2,,,,,,,4.0,1.0,3.0,0.0,,,,6.0,5.0,1.0,34.0,231.0,189.0,83.3,50.0,3.0,1.0,0.0,0.0,,,,,,0.0,0.0,0.0,0.75,,81.82,13.35
Matviyenko,Shakhtar Donetsk,Defender,360.0,4,0.0,0.0,43.0,,,,,,,2.0,0.0,2.0,0.0,,,,2.0,1.0,1.0,27.0,350.0,328.0,92.8,0.0,2.0,3.0,0.0,0.0,,,,,,0.0,0.0,0.0,0.5,,93.71,13.68
Kritsyuk,Zenit,Goalkeeper,360.0,4,0.0,0.0,19.5,,,,,,,,,,,,,,,,,,97.0,74.0,77.3,0.0,,,,,12.0,6.0,1.0,0.0,10.0,0.0,0.0,0.0,0.0,0.667,76.29,9.68
Loftus-Cheek,Chelsea,Forward,358.0,8,0.0,1.0,44.2,,,,,,,5.0,1.0,3.0,1.0,0.0,0.0,15.0,4.0,2.0,2.0,11.0,252.0,229.0,80.3,42.0,5.0,9.0,2.0,0.0,,,,,,0.0,0.251,0.251,1.257,,90.87,13.65
Hummels,Dortmund,Defender,358.0,5,0.0,0.0,41.2,,,,,,,3.0,0.0,3.0,0.0,,,,8.0,1.0,7.0,28.0,310.0,277.0,86.8,0.0,6.0,1.0,1.0,1.0,,,,,,0.0,0.0,0.0,1.508,,89.35,12.9
Castañeda,Sheriff,Midfielder,357.0,5,0.0,0.0,45.5,,,,,,,4.0,1.0,1.0,1.0,,,,8.0,1.0,7.0,11.0,90.0,73.0,79.6,25.0,5.0,5.0,0.0,0.0,,,,,,0.0,0.0,0.0,1.261,,81.11,12.61
Klostermann,Leipzig,Defender,357.0,5,0.0,0.0,42.2,,,,,,,,,,,,,,4.0,3.0,2.0,24.0,161.0,140.0,85.8,0.0,3.0,0.0,1.0,0.0,,,,,,0.0,0.0,0.0,0.756,,86.96,13.1
Birmančević,Malmö,Midfielder,356.0,6,0.0,1.0,44.6,,,,,,,5.0,0.0,4.0,1.0,0.0,0.0,19.0,6.0,3.0,3.0,8.0,92.0,66.0,75.0,33.0,1.0,10.0,0.0,0.0,,,,,,0.0,0.253,0.253,0.253,,71.74,13.26
Ismaily,Shakhtar Donetsk,Defender,355.0,5,0.0,0.0,44.8,,,,,,,3.0,0.0,3.0,0.0,,,,3.0,1.0,0.0,19.0,184.0,159.0,86.0,0.0,1.0,4.0,0.0,0.0,,,,,,0.0,0.0,0.0,0.254,,86.41,13.18
Larin,Beşiktaş,Forward,354.0,5,1.0,0.0,40.2,0.0,0.0,1.0,0.0,1.0,0.0,8.0,5.0,2.0,1.0,,,,7.0,2.0,5.0,7.0,100.0,78.0,78.0,0.0,7.0,11.0,3.0,0.0,,,,,,0.254,0.0,0.254,1.78,,78.0,14.02
Varane,Man. United,Defender,353.0,5,0.0,0.0,34.2,,,,,,,2.0,2.0,0.0,0.0,,,,0.0,0.0,0.0,34.0,245.0,222.0,88.0,0.0,3.0,2.0,1.0,0.0,,,,,,0.0,0.0,0.0,0.765,,90.61,12.22
Jesus,Man. City,Forward,352.0,8,4.0,1.0,41.9,4.0,0.0,0.0,0.0,4.0,0.0,9.0,7.0,1.0,1.0,0.0,4.0,7.0,3.0,2.0,1.0,6.0,131.0,113.0,86.0,0.0,9.0,3.0,3.0,0.0,,,,,,1.023,0.256,1.278,2.301,,86.26,21.99
Brahim Díaz,Milan,Midfielder,351.0,5,1.0,1.0,43.9,0.0,1.0,0.0,0.0,1.0,0.0,5.0,2.0,2.0,1.0,0.0,0.0,19.0,2.0,2.0,0.0,6.0,124.0,98.0,78.8,0.0,3.0,12.0,1.0,0.0,,,,,,0.256,0.256,0.513,0.769,,79.03,15.47
João Mário,Porto,Forward,351.0,4,0.0,0.0,39.3,,,,,,,,,,,,,,1.0,0.0,1.0,21.0,126.0,95.0,75.3,11.0,1.0,4.0,0.0,0.0,,,,,,0.0,0.0,0.0,0.256,,75.4,11.46
Fernando,Shakhtar Donetsk,Midfielder,350.0,5,2.0,0.0,34.8,2.0,0.0,0.0,0.0,2.0,0.0,12.0,1.0,4.0,3.0,,,,2.0,0.0,2.0,6.0,77.0,63.0,80.4,0.0,6.0,3.0,1.0,0.0,,,,,,0.514,0.0,0.514,1.543,,81.82,15.52
Pepe,Porto,Defender,349.0,5,0.0,0.0,39.8,,,,,,,2.0,1.0,1.0,0.0,,,,4.0,2.0,2.0,30.0,190.0,163.0,86.0,0.0,3.0,6.0,1.0,0.0,,,,,,0.0,0.0,0.0,0.774,,85.79,12.78
Fernandinho,Man. City,Midfielder,347.0,8,0.0,2.0,44.7,,,,,,,4.0,0.0,1.0,2.0,0.0,0.0,1.0,9.0,4.0,5.0,17.0,291.0,254.0,85.3,40.0,1.0,12.0,1.0,0.0,,,,,,0.0,0.519,0.519,0.259,,87.29,15.4
Luis Suárez,Atlético,Forward,347.0,7,1.0,0.0,38.7,1.0,0.0,0.0,1.0,1.0,0.0,8.0,2.0,5.0,1.0,,,,0.0,0.0,0.0,1.0,84.0,57.0,67.0,0.0,3.0,4.0,2.0,0.0,,,,,,0.259,0.0,0.259,0.778,,67.86,12.57
Pogba,Man. United,Midfielder,347.0,6,0.0,0.0,30.9,,,,,,,2.0,1.0,0.0,1.0,,,,5.0,3.0,2.0,9.0,191.0,157.0,83.0,66.0,7.0,7.0,0.0,0.0,,,,,,0.0,0.0,0.0,1.816,,82.2,11.69
Camara,Young Boys,Defender,347.0,4,0.0,0.0,30.5,,,,,,,2.0,1.0,1.0,0.0,,,,7.0,3.0,4.0,22.0,208.0,185.0,87.0,0.0,4.0,0.0,0.0,0.0,,,,,,0.0,0.0,0.0,1.037,,88.94,12.05
Okafor,Salzburg,Midfielder,345.0,6,3.0,0.0,40.0,3.0,0.0,0.0,0.0,3.0,0.0,7.0,5.0,1.0,1.0,,,,5.0,0.0,5.0,3.0,80.0,51.0,51.0,0.0,5.0,2.0,1.0,0.0,,,,,,0.783,0.0,0.783,1.304,,63.75,15.1
Ghezzal,Beşiktaş,Midfielder,345.0,5,1.0,0.0,38.3,0.0,1.0,0.0,1.0,1.0,0.0,8.0,2.0,6.0,0.0,,,,7.0,1.0,6.0,8.0,161.0,113.0,69.0,14.0,4.0,6.0,1.0,0.0,,,,,,0.261,0.0,0.261,1.043,,70.19,12.83
Lenglet,Barcelona,Defender,345.0,4,0.0,0.0,40.4,,,,,,,4.0,1.0,2.0,1.0,,,,6.0,2.0,4.0,17.0,304.0,274.0,89.3,0.0,3.0,2.0,1.0,0.0,,,,,,0.0,0.0,0.0,0.783,,90.13,13.17
Taarabt,Benfica,Midfielder,343.0,9,0.0,0.0,45.2,,,,,,,,,,,,,,4.0,1.0,3.0,13.0,149.0,127.0,83.5,0.0,5.0,4.0,2.0,0.0,,,,,,0.0,0.0,0.0,1.312,,85.23,12.97
Pedrinho,Shakhtar Donetsk,Midfielder,343.0,4,0.0,0.0,40.9,,,,,,,10.0,2.0,4.0,4.0,,,,2.0,0.0,2.0,4.0,170.0,150.0,88.0,50.0,5.0,3.0,0.0,0.0,,,,,,0.0,0.0,0.0,1.312,,88.24,12.89
Siebatcheu,Young Boys,Forward,341.0,6,2.0,0.0,35.6,1.0,0.0,1.0,0.0,2.0,0.0,10.0,3.0,6.0,1.0,,,,1.0,0.0,1.0,5.0,64.0,51.0,68.3,0.0,7.0,3.0,0.0,0.0,,,,,,0.528,0.0,0.528,1.848,,79.69,14.39
Vranckx,Wolfsburg,Midfielder,337.0,4,0.0,0.0,41.5,,,,,,,1.0,1.0,0.0,0.0,,,,4.0,0.0,4.0,17.0,95.0,77.0,80.0,50.0,8.0,7.0,0.0,0.0,,,,,,0.0,0.0,0.0,2.136,,81.05,12.15
Chiesa,Juventus,Forward,336.0,4,2.0,0.0,37.5,0.0,2.0,0.0,0.0,2.0,0.0,13.0,4.0,8.0,1.0,,,,1.0,0.0,1.0,4.0,90.0,77.0,84.5,25.0,5.0,11.0,0.0,0.0,,,,,,0.536,0.0,0.536,1.339,,85.56,16.2
Gvardiol,Leipzig,Defender,334.0,6,0.0,0.0,41.5,,,,,,,4.0,0.0,2.0,2.0,,,,9.0,5.0,4.0,39.0,196.0,162.0,83.0,0.0,8.0,3.0,0.0,0.0,,,,,,0.0,0.0,0.0,2.156,,82.65,12.95
Tonali,Milan,Midfielder,333.0,6,0.0,0.0,44.4,,,,,,,2.0,0.0,1.0,1.0,,,,2.0,2.0,0.0,21.0,184.0,148.0,78.5,33.0,3.0,6.0,0.0,0.0,,,,,,0.0,0.0,0.0,0.811,,80.43,12.49
Jesús Navas,Sevilla,Defender,332.0,4,0.0,0.0,40.0,,,,,,,2.0,1.0,0.0,1.0,,,,0.0,0.0,0.0,15.0,249.0,209.0,83.5,31.0,3.0,4.0,1.0,0.0,,,,,,0.0,0.0,0.0,0.813,,83.94,12.35
Sobol,Club Brugge,Defender,331.0,4,0.0,1.0,39.1,,,,,,,2.0,0.0,2.0,0.0,0.0,0.0,4.0,4.0,3.0,1.0,14.0,96.0,74.0,75.0,25.0,3.0,2.0,0.0,0.0,,,,,,0.0,0.272,0.272,0.816,,77.08,12.71
Brooks,Wolfsburg,Defender,331.0,4,0.0,0.0,36.3,,,,,,,,,,,,,,3.0,2.0,1.0,18.0,167.0,143.0,85.0,0.0,5.0,0.0,3.0,1.0,,,,,,0.0,0.0,0.0,1.36,,85.63,12.33
Trigueros,Villarreal,Midfielder,330.0,9,1.0,0.0,42.9,1.0,0.0,0.0,0.0,1.0,0.0,6.0,6.0,0.0,0.0,,,,6.0,1.0,5.0,8.0,142.0,116.0,81.3,0.0,3.0,6.0,0.0,0.0,,,,,,0.273,0.0,0.273,0.818,,81.69,14.52
Pedro Gonçalves,Sporting CP,Midfielder,329.0,5,4.0,2.0,41.3,4.0,0.0,0.0,1.0,3.0,1.0,13.0,7.0,3.0,3.0,7.0,0.0,10.0,4.0,3.0,1.0,10.0,83.0,54.0,64.2,62.0,3.0,4.0,0.0,0.0,,,,,,1.094,0.547,1.641,0.821,,65.06,20.85
Mbabu,Wolfsburg,Defender,328.0,6,0.0,0.0,38.6,,,,,,,1.0,0.0,1.0,0.0,,,,7.0,5.0,2.0,17.0,141.0,96.0,64.8,31.0,7.0,3.0,2.0,0.0,,,,,,0.0,0.0,0.0,1.921,,68.09,10.84
Solet,Salzburg,Defender,328.0,5,0.0,0.0,38.9,,,,,,,2.0,2.0,0.0,0.0,,,,1.0,0.0,1.0,36.0,142.0,123.0,84.6,0.0,4.0,0.0,0.0,0.0,,,,,,0.0,0.0,0.0,1.098,,86.62,12.35
Christiansen,Malmö,Midfielder,328.0,4,0.0,0.0,41.9,,,,,,,5.0,1.0,3.0,1.0,,,,2.0,0.0,2.0,13.0,193.0,163.0,80.8,16.0,3.0,3.0,1.0,0.0,,,,,,0.0,0.0,0.0,0.823,,84.46,12.27
Jordán,Sevilla,Midfielder,327.0,6,1.0,0.0,43.3,0.0,0.0,1.0,0.0,1.0,0.0,3.0,2.0,0.0,1.0,,,,6.0,2.0,4.0,18.0,221.0,203.0,91.5,50.0,10.0,4.0,2.0,1.0,,,,,,0.275,0.0,0.275,2.752,,91.86,15.68
Herrera,Paris,Midfielder,326.0,6,1.0,0.0,44.3,1.0,1.0,0.0,0.0,1.0,0.0,3.0,2.0,0.0,1.0,,,,9.0,6.0,3.0,12.0,224.0,199.0,80.3,50.0,4.0,5.0,1.0,0.0,,,,,,0.276,0.0,0.276,1.104,,88.84,15.06
Garmash,Dynamo Kyiv,Midfielder,325.0,6,1.0,0.0,42.7,1.0,0.0,0.0,0.0,1.0,0.0,7.0,3.0,1.0,3.0,,,,9.0,2.0,7.0,10.0,88.0,69.0,78.5,0.0,11.0,15.0,2.0,0.0,,,,,,0.277,0.0,0.277,3.046,,78.41,14.32
Aké,Man. City,Defender,324.0,6,1.0,0.0,36.9,0.0,0.0,1.0,0.0,1.0,0.0,4.0,1.0,3.0,0.0,,,,3.0,3.0,0.0,19.0,259.0,244.0,90.3,0.0,3.0,4.0,1.0,0.0,,,,,,0.278,0.0,0.278,0.833,,94.21,15.02
L. Nmecha,Wolfsburg,Forward,322.0,5,2.0,0.0,42.0,1.0,0.0,1.0,0.0,2.0,0.0,9.0,4.0,1.0,4.0,,,,5.0,2.0,3.0,7.0,66.0,50.0,79.8,0.0,8.0,9.0,3.0,0.0,,,,,,0.559,0.0,0.559,2.236,,75.76,16.38
Solomon,Shakhtar Donetsk,Midfielder,322.0,5,0.0,0.0,34.55,,,,,,,7.0,1.0,4.0,2.0,,,,0.0,0.0,0.0,6.0,136.0,123.0,83.0,0.0,2.0,2.0,0.0,0.0,,,,,,0.0,0.0,0.0,0.559,,90.44,11.755
Gómez,Sevilla,Forward,322.0,5,0.0,0.0,36.7,,,,,,,5.0,1.0,1.0,3.0,,,,1.0,0.0,1.0,8.0,176.0,148.0,83.8,13.0,1.0,5.0,0.0,0.0,,,,,,0.0,0.0,0.0,0.28,,84.09,12.05
Kessié,Milan,Midfielder,321.0,5,0.0,1.0,41.2,,,,,,,4.0,1.0,2.0,1.0,0.0,0.0,0.0,4.0,0.0,4.0,15.0,175.0,150.0,85.0,100.0,9.0,6.0,2.0,1.0,,,,,,0.0,0.28,0.28,2.523,,85.71,13.62
Lukaku,Chelsea,Forward,320.0,6,2.0,0.0,31.5,0.0,1.0,1.0,0.0,2.0,0.0,11.0,3.0,6.0,2.0,,,,1.0,1.0,0.0,2.0,61.0,49.0,79.5,75.0,2.0,2.0,0.0,0.0,,,,,,0.562,0.0,0.562,0.562,,80.33,15.2
Grujić,Porto,Midfielder,320.0,6,0.0,1.0,40.9,,,,,,,7.0,6.0,1.0,0.0,0.0,0.0,5.0,8.0,3.0,5.0,16.0,131.0,110.0,76.5,0.0,9.0,4.0,1.0,0.0,,,,,,0.0,0.281,0.281,2.531,,83.97,13.04
Paredes,Paris,Midfielder,315.0,5,0.0,0.0,36.9,,,,,,,1.0,0.0,1.0,0.0,,,,8.0,1.0,7.0,18.0,315.0,298.0,93.8,0.0,7.0,3.0,3.0,0.0,,,,,,0.0,0.0,0.0,2.0,,94.6,13.17
Calabria,Milan,Defender,315.0,4,0.0,0.0,38.5,,,,,,,1.0,0.0,1.0,0.0,,,,0.0,0.0,0.0,23.0,120.0,91.0,76.3,25.0,2.0,3.0,0.0,0.0,,,,,,0.0,0.0,0.0,0.571,,75.83,11.48
Orbán,Leipzig,Defender,315.0,4,0.0,0.0,35.6,,,,,,,,,,,,,,5.0,4.0,2.0,25.0,194.0,176.0,92.0,0.0,4.0,3.0,1.0,0.0,,,,,,0.0,0.0,0.0,1.143,,90.72,13.16
Lovren,Zenit,Defender,315.0,4,0.0,0.0,34.7,,,,,,,1.0,0.0,1.0,0.0,,,,1.0,1.0,0.0,19.0,159.0,141.0,88.8,50.0,2.0,0.0,2.0,0.0,,,,,,0.0,0.0,0.0,0.571,,88.68,12.45
Dahlin,Malmö,Goalkeeper,315.0,4,0.0,0.0,14.2,,,,,,,,,,,,,,,,,,98.0,52.0,53.0,0.0,1.0,0.0,1.0,0.0,19.0,8.0,0.0,1.0,3.0,0.0,0.0,0.0,0.286,0.704,53.06,6.72
Evanilson,Porto,Forward,313.0,4,0.0,0.0,34.9,,,,,,,4.0,1.0,2.0,1.0,,,,6.0,6.0,4.0,4.0,72.0,58.0,79.5,0.0,9.0,15.0,0.0,0.0,,,,,,0.0,0.0,0.0,2.588,,80.56,12.04
Welinton,Beşiktaş,Defender,313.0,4,0.0,0.0,33.0,,,,,,,,,,,,,,13.0,4.0,9.0,31.0,183.0,158.0,81.5,0.0,6.0,1.0,1.0,1.0,,,,,,0.0,0.0,0.0,1.725,,86.34,11.85
Bruno,Sheriff,Midfielder,312.0,6,0.0,0.0,38.5,,,,,,,3.0,1.0,1.0,1.0,,,,2.0,2.0,0.0,10.0,82.0,63.0,76.2,50.0,7.0,5.0,0.0,0.0,,,,,,0.0,0.0,0.0,2.019,,76.83,11.67
Moreno,Villarreal,Defender,309.0,7,1.0,0.0,41.7,0.0,1.0,0.0,0.0,1.0,0.0,3.0,2.0,1.0,0.0,,,,4.0,0.0,4.0,8.0,135.0,110.0,82.3,100.0,5.0,3.0,2.0,0.0,,,,,,0.291,0.0,0.291,1.456,,81.48,14.4
Montero,Beşiktaş,Defender,306.0,4,1.0,0.0,34.6,0.0,0.0,1.0,0.0,1.0,0.0,1.0,1.0,0.0,0.0,,,,12.0,6.0,6.0,27.0,168.0,147.0,85.8,0.0,4.0,3.0,2.0,0.0,,,,,,0.294,0.0,0.294,1.176,,87.5,14.64
Vrsaljko,Atlético,Defender,304.0,5,0.0,0.0,36.9,,,,,,,2.0,1.0,1.0,0.0,,,,6.0,3.0,3.0,23.0,80.0,55.0,65.6,20.0,12.0,2.0,1.0,0.0,,,,,,0.0,0.0,0.0,3.553,,68.75,10.55
Greenwood,Man. United,Forward,304.0,4,1.0,1.0,38.1,1.0,1.0,0.0,0.0,1.0,0.0,2.0,2.0,0.0,0.0,0.0,3.0,6.0,0.0,0.0,0.0,3.0,143.0,123.0,85.8,40.0,3.0,3.0,1.0,0.0,,,,,,0.296,0.296,0.592,0.888,,86.01,15.39
Azmoun,Zenit,Forward,303.0,5,2.0,1.0,30.3,2.0,0.0,0.0,0.0,2.0,0.0,8.0,6.0,1.0,1.0,0.0,1.0,2.0,3.0,0.0,3.0,7.0,56.0,38.0,53.6,50.0,3.0,1.0,0.0,0.0,,,,,,0.594,0.297,0.891,0.891,,67.86,13.39
Malinovskyi,Atalanta,Midfielder,301.0,5,1.0,0.0,38.5,0.0,1.0,0.0,0.0,0.0,1.0,11.0,4.0,3.0,4.0,,,,6.0,2.0,4.0,4.0,143.0,114.0,82.2,41.0,6.0,9.0,0.0,0.0,,,,,,0.299,0.0,0.299,1.794,,79.72,14.27
Sérgio Oliveira,Porto,Midfielder,300.0,6,1.0,0.0,39.7,1.0,0.0,0.0,1.0,1.0,0.0,2.0,1.0,1.0,0.0,,,,7.0,2.0,5.0,14.0,127.0,96.0,77.0,45.0,5.0,1.0,1.0,0.0,,,,,,0.3,0.0,0.3,1.5,,75.59,13.87
Karavaev,Zenit,Defender,299.0,4,0.0,1.0,38.3,,,,,,,3.0,0.0,2.0,1.0,0.0,0.0,4.0,2.0,1.0,1.0,9.0,115.0,99.0,85.5,16.0,2.0,0.0,1.0,0.0,,,,,,0.0,0.301,0.301,0.602,,86.09,13.48
Sowah,Club Brugge,Forward,298.0,5,0.0,0.0,38.4,,,,,,,6.0,0.0,3.0,3.0,,,,7.0,1.0,6.0,11.0,110.0,77.0,67.2,7.0,5.0,2.0,0.0,0.0,,,,,,0.0,0.0,0.0,1.51,,70.0,10.66
Ikoné,LOSC,Midfielder,297.0,5,1.0,2.0,35.3,1.0,0.0,0.0,0.0,1.0,0.0,11.0,4.0,2.0,5.0,0.0,1.0,15.0,0.0,0.0,0.0,9.0,97.0,75.0,73.6,0.0,6.0,2.0,4.0,0.0,,,,,,0.303,0.606,0.909,1.818,,77.32,14.89
Simakan,Leipzig,Defender,297.0,4,0.0,0.0,32.0,,,,,,,1.0,0.0,1.0,0.0,,,,5.0,2.0,3.0,22.0,158.0,142.0,92.0,100.0,6.0,3.0,2.0,0.0,,,,,,0.0,0.0,0.0,1.818,,89.87,12.6
Lukebakio,Wolfsburg,Forward,296.0,6,0.0,0.0,35.9,,,,,,,3.0,0.0,1.0,2.0,,,,3.0,2.0,1.0,5.0,70.0,53.0,79.3,50.0,2.0,4.0,0.0,0.0,,,,,,0.0,0.0,0.0,0.608,,75.71,11.72
Rafael Leão,Milan,Forward,294.0,4,1.0,1.0,32.4,1.0,0.0,0.0,0.0,1.0,0.0,1.0,1.0,0.0,0.0,0.0,3.0,16.0,5.0,1.0,4.0,6.0,57.0,42.0,73.5,27.0,4.0,2.0,1.0,0.0,,,,,,0.306,0.306,0.612,1.224,,73.68,13.69
Sutormin,Zenit,Midfielder,293.0,4,1.0,0.0,34.3,0.0,1.0,0.0,0.0,0.0,1.0,2.0,2.0,0.0,0.0,,,,1.0,0.0,1.0,5.0,160.0,145.0,89.5,33.0,1.0,1.0,0.0,0.0,,,,,,0.307,0.0,0.307,0.307,,90.62,14.38
Alex Telles,Man. United,Defender,293.0,4,0.0,0.0,33.5,0.0,1.0,0.0,0.0,0.0,1.0,1.0,1.0,0.0,0.0,,,,3.0,0.0,3.0,13.0,179.0,164.0,88.0,21.0,2.0,6.0,2.0,0.0,,,,,,0.0,0.0,0.0,0.614,,91.62,12.15
Bernardeschi,Juventus,Midfielder,292.0,5,0.0,2.0,36.3,,,,,,,7.0,5.0,1.0,1.0,7.0,1.0,7.0,2.0,1.0,1.0,10.0,131.0,111.0,87.2,38.0,2.0,4.0,0.0,0.0,,,,,,0.0,0.616,0.616,0.616,,84.73,14.45
Adams,Leipzig,Midfielder,292.0,5,0.0,0.0,38.9,,,,,,,,,,,,,,8.0,5.0,3.0,8.0,166.0,146.0,89.4,0.0,6.0,2.0,4.0,0.0,,,,,,0.0,0.0,0.0,1.849,,87.95,13.33
Hudson-Odoi,Chelsea,Midfielder,289.0,5,1.0,2.0,32.3,0.0,1.0,0.0,0.0,1.0,0.0,7.0,3.0,0.0,4.0,1.0,1.0,15.0,2.0,0.0,2.0,7.0,149.0,134.0,90.2,40.0,4.0,3.0,1.0,0.0,,,,,,0.311,0.623,0.934,1.246,,89.93,16.25
Uribe,Porto,Midfielder,289.0,4,0.0,0.0,36.8,,,,,,,3.0,0.0,2.0,1.0,,,,12.0,4.0,8.0,28.0,112.0,96.0,83.5,0.0,6.0,1.0,3.0,0.0,,,,,,0.0,0.0,0.0,1.869,,85.71,12.43
De Sciglio,Juventus,Defender,286.0,4,0.0,1.0,33.3,,,,,,,,,,,0.0,0.0,4.0,5.0,5.0,0.0,12.0,144.0,126.0,85.3,30.0,5.0,2.0,0.0,0.0,,,,,,0.0,0.315,0.315,1.573,,87.5,13.36
M. Olsson,Malmö,Defender,284.0,6,0.0,0.0,34.5,,,,,,,1.0,1.0,0.0,0.0,,,,1.0,0.0,1.0,8.0,105.0,82.0,72.8,12.0,3.0,3.0,0.0,0.0,,,,,,0.0,0.0,0.0,0.951,,78.1,10.73
Dimarco,Inter,Defender,283.0,7,0.0,0.0,36.3,,,,,,,6.0,2.0,2.0,2.0,,,,2.0,2.0,0.0,12.0,158.0,138.0,89.3,29.0,3.0,2.0,1.0,0.0,,,,,,0.0,0.0,0.0,0.954,,87.34,12.76
Capaldo,Salzburg,Midfielder,281.0,7,0.0,0.0,36.9,,,,,,,1.0,0.0,0.0,1.0,,,,14.0,5.0,9.0,28.0,112.0,78.0,66.6,25.0,15.0,8.0,3.0,0.0,,,,,,0.0,0.0,0.0,4.804,,69.64,10.85
Peña,Malmö,Midfielder,281.0,5,0.0,0.0,32.5,,,,,,,4.0,2.0,1.0,1.0,,,,11.0,4.0,7.0,12.0,170.0,138.0,80.4,20.0,3.0,3.0,1.0,0.0,,,,,,0.0,0.0,0.0,0.961,,81.18,11.69
Dzyuba,Zenit,Forward,277.0,6,0.0,1.0,31.2,,,,,,,6.0,1.0,3.0,2.0,0.0,2.0,1.0,1.0,0.0,1.0,4.0,61.0,39.0,65.8,0.0,1.0,3.0,0.0,0.0,,,,,,0.0,0.325,0.325,0.325,,63.93,10.7
Rakitić,Sevilla,Midfielder,276.0,5,2.0,1.0,36.4,2.0,0.0,0.0,2.0,2.0,0.0,7.0,3.0,2.0,2.0,7.0,0.0,0.0,3.0,1.0,4.0,11.0,148.0,124.0,77.6,21.0,6.0,3.0,1.0,0.0,,,,,,0.652,0.326,0.978,1.957,,83.78,16.5
Larsson,Malmö,Defender,275.0,4,0.0,0.0,32.0,,,,,,,1.0,0.0,1.0,0.0,,,,0.0,0.0,0.0,13.0,86.0,67.0,67.3,60.0,5.0,8.0,2.0,0.0,,,,,,0.0,0.0,0.0,1.636,,77.91,9.93
Chukwueze,Villarreal,Midfielder,273.0,9,2.0,0.0,37.0,0.0,2.0,0.0,0.0,2.0,0.0,3.0,2.0,1.0,0.0,,,,1.0,0.0,1.0,5.0,50.0,37.0,62.3,0.0,6.0,2.0,0.0,0.0,,,,,,0.659,0.0,0.659,1.978,,74.0,13.93
Rakip,Malmö,Midfielder,273.0,6,0.0,0.0,35.9,,,,,,,3.0,1.0,2.0,0.0,,,,6.0,3.0,3.0,4.0,67.0,48.0,72.2,50.0,12.0,6.0,1.0,0.0,,,,,,0.0,0.0,0.0,3.956,,71.64,11.11
Rieder,Young Boys,Midfielder,272.0,6,1.0,1.0,38.7,1.0,0.0,0.0,0.0,0.0,1.0,6.0,2.0,1.0,3.0,6.0,0.0,2.0,8.0,4.0,4.0,14.0,98.0,69.0,69.7,11.0,6.0,1.0,0.0,0.0,,,,,,0.331,0.331,0.662,1.985,,70.41,14.24
Rafa Mir,Sevilla,Forward,271.0,6,1.0,1.0,36.4,1.0,0.0,0.0,0.0,1.0,0.0,10.0,4.0,5.0,1.0,0.0,0.0,1.0,0.0,0.0,0.0,3.0,46.0,29.0,58.8,50.0,3.0,1.0,1.0,0.0,,,,,,0.332,0.332,0.664,0.996,,63.04,12.52
Kampl,Leipzig,Midfielder,270.0,3,0.0,0.0,35.8,,,,,,,1.0,0.0,1.0,0.0,,,,8.0,4.0,4.0,15.0,180.0,165.0,90.7,33.0,5.0,2.0,1.0,0.0,,,,,,0.0,0.0,0.0,1.667,,91.67,13.05
Verissimo,Benfica,Defender,270.0,3,0.0,0.0,30.2,,,,,,,2.0,0.0,2.0,0.0,,,,2.0,1.0,1.0,23.0,111.0,93.0,83.0,0.0,2.0,1.0,1.0,0.0,,,,,,0.0,0.0,0.0,0.667,,83.78,11.42
N'Sakala,Beşiktaş,Defender,270.0,3,0.0,0.0,30.1,,,,,,,1.0,0.0,0.0,1.0,,,,7.0,1.0,4.0,14.0,161.0,134.0,81.3,41.0,,,,,,,,,,0.0,0.0,0.0,0.0,,83.23,11.24
Kjær,Milan,Defender,270.0,3,0.0,0.0,28.6,,,,,,,2.0,1.0,1.0,0.0,,,,4.0,2.0,2.0,16.0,134.0,119.0,88.7,0.0,2.0,1.0,0.0,0.0,,,,,,0.0,0.0,0.0,0.667,,88.81,11.93
Faivre,Young Boys,Goalkeeper,270.0,3,0.0,0.0,20.5,,,,,,,,,,,,,,,,,,122.0,100.0,82.3,0.0,,,,,13.0,6.0,0.0,0.0,1.0,0.0,0.0,0.0,0.0,0.684,81.97,10.28
Tătăruşanu,Milan,Goalkeeper,270.0,3,0.0,0.0,18.6,,,,,,,,,,,,,,,,,,93.0,83.0,90.3,0.0,,,,,8.0,2.0,1.0,0.0,2.0,0.0,0.0,0.0,0.0,0.8,89.25,10.89
Maignan,Milan,Goalkeeper,270.0,3,0.0,0.0,18.3,,,,,,,,,,,,,,,,,,114.0,83.0,72.0,0.0,,,,,14.0,7.0,0.0,1.0,1.0,0.0,0.0,0.0,0.0,0.667,72.81,9.03
Trubin,Shakhtar Donetsk,Goalkeeper,270.0,3,0.0,0.0,15.5,,,,,,,,,,,,,,,,,,94.0,78.0,83.0,0.0,,,,,18.0,9.0,0.0,0.0,0.0,0.0,0.0,0.0,0.0,0.667,82.98,9.85
Navas,Paris,Goalkeeper,270.0,3,0.0,0.0,13.7,,,,,,,,,,,,,,,,,,101.0,86.0,85.3,0.0,,,,,11.0,5.0,0.0,0.0,3.0,0.0,0.0,0.0,0.0,0.688,85.15,9.9
Von Ballmoos,Young Boys,Goalkeeper,270.0,3,0.0,0.0,12.2,,,,,,,,,,,,,,,,,,85.0,59.0,73.0,0.0,,,,,13.0,6.0,0.0,0.0,1.0,0.0,0.0,0.0,0.0,0.684,69.41,8.52
Fassnacht,Young Boys,Midfielder,269.0,3,0.0,0.0,23.3,,,,,,,8.0,3.0,4.0,1.0,,,,0.0,0.0,0.0,9.0,86.0,73.0,85.7,16.0,2.0,0.0,1.0,0.0,,,,,,0.0,0.0,0.0,0.669,,84.88,10.9
Alan Patrick,Shakhtar Donetsk,Goalkeeper,268.0,4,0.0,1.0,37.1,,,,,,,6.0,1.0,1.0,4.0,4.0,0.0,5.0,2.0,0.0,2.0,10.0,172.0,153.0,81.3,50.0,6.0,6.0,0.0,0.0,,,,,,0.0,0.336,0.336,2.015,,88.95,12.84
Pyatov,Shakhtar Donetsk,Goalkeeper,266.0,3,0.0,0.0,14.2,,,,,,,,,,,,,,,,,,83.0,75.0,91.3,0.0,,,,,5.0,2.0,2.0,0.0,4.0,0.0,0.0,0.0,0.0,0.714,90.36,10.55
Arthur,Juventus,Midfielder,264.0,6,0.0,0.0,35.2,,,,,,,2.0,0.0,2.0,0.0,,,,3.0,2.0,1.0,14.0,293.0,278.0,94.0,50.0,4.0,4.0,1.0,0.0,,,,,,0.0,0.0,0.0,1.364,,94.88,13.12
Kenan Karaman,Beşiktaş,Forward,264.0,5,0.0,0.0,33.7,,,,,,,2.0,0.0,0.0,2.0,,,,2.0,2.0,0.0,7.0,74.0,56.0,65.0,0.0,4.0,2.0,0.0,0.0,,,,,,0.0,0.0,0.0,1.364,,75.68,10.07
Wijnaldum,Paris,Midfielder,261.0,5,2.0,0.0,31.6,0.0,1.0,1.0,0.0,2.0,0.0,4.0,4.0,0.0,0.0,,,,4.0,0.0,4.0,5.0,97.0,89.0,93.4,0.0,4.0,5.0,0.0,0.0,,,,,,0.69,0.0,0.69,1.379,,91.75,16.5
Giroud,Milan,Forward,261.0,5,0.0,0.0,29.0,,,,,,,5.0,3.0,2.0,0.0,,,,2.0,1.0,1.0,4.0,48.0,36.0,75.6,0.0,5.0,2.0,2.0,0.0,,,,,,0.0,0.0,0.0,1.724,,75.0,10.56
Pjanic,Beşiktaş,Midfielder,261.0,3,0.0,2.0,32.7,,,,,,,3.0,0.0,3.0,0.0,9.0,0.0,4.0,2.0,1.0,1.0,16.0,216.0,182.0,83.3,60.0,2.0,6.0,1.0,0.0,,,,,,0.0,0.69,0.69,0.69,,84.26,13.7
Mehmet Topal,Beşiktaş,Midfielder,261.0,3,0.0,0.0,29.6,,,,,,,3.0,0.0,0.0,3.0,,,,1.0,1.0,0.0,14.0,81.0,70.0,86.3,0.0,4.0,1.0,0.0,0.0,,,,,,0.0,0.0,0.0,1.379,,86.42,11.69
Di María,Paris,Forward,260.0,5,0.0,1.0,32.1,,,,,,,8.0,2.0,4.0,2.0,8.0,1.0,3.0,6.0,4.0,2.0,12.0,154.0,135.0,69.6,28.0,4.0,2.0,0.0,0.0,,,,,,0.0,0.346,0.346,1.385,,87.66,11.57
Djimsiti,Atalanta,Defender,260.0,5,0.0,0.0,31.5,,,,,,,,,,,,,,5.0,4.0,1.0,31.0,191.0,160.0,83.0,100.0,3.0,1.0,0.0,0.0,,,,,,0.0,0.0,0.0,1.038,,83.77,11.85
Dia,Villarreal,Forward,258.0,8,1.0,0.0,33.3,1.0,0.0,0.0,0.0,1.0,0.0,5.0,2.0,1.0,2.0,,,,2.0,2.0,0.0,3.0,46.0,35.0,54.4,0.0,3.0,3.0,0.0,0.0,,,,,,0.349,0.0,0.349,1.047,,76.09,10.97
Steffen,Wolfsburg,Midfielder,258.0,5,2.0,0.0,31.1,0.0,2.0,0.0,0.0,2.0,0.0,5.0,2.0,2.0,1.0,,,,3.0,2.0,1.0,6.0,84.0,66.0,74.8,50.0,5.0,4.0,2.0,0.0,,,,,,0.698,0.0,0.698,1.744,,78.57,14.79
Onana,LOSC,Midfielder,257.0,8,0.0,0.0,34.9,,,,,,,2.0,0.0,1.0,1.0,,,,7.0,6.0,1.0,17.0,95.0,76.0,82.8,0.0,1.0,3.0,0.0,0.0,,,,,,0.0,0.0,0.0,0.35,,80.0,12.37
Rashford,Man. United,Forward,257.0,5,1.0,0.0,29.5,1.0,0.0,0.0,0.0,1.0,0.0,10.0,2.0,5.0,3.0,,,,1.0,1.0,2.0,3.0,110.0,91.0,78.4,20.0,3.0,4.0,1.0,0.0,,,,,,0.35,0.0,0.35,1.051,,82.73,12.89
Kuzyaev,Zenit,Midfielder,257.0,4,1.0,0.0,31.7,0.0,0.0,1.0,0.0,1.0,0.0,3.0,1.0,1.0,1.0,,,,1.0,0.0,1.0,10.0,79.0,71.0,90.0,66.0,3.0,4.0,0.0,0.0,,,,,,0.35,0.0,0.35,1.051,,89.87,14.17
Marcos Antônio,Shakhtar Donetsk,Midfielder,256.0,5,0.0,0.0,34.55,,,,,,,1.0,0.0,0.0,1.0,,,,4.0,1.0,3.0,8.0,234.0,224.0,94.4,0.0,3.0,3.0,1.0,0.0,,,,,,0.0,0.0,0.0,1.055,,95.73,12.995
Dybala,Juventus,Forward,255.0,5,3.0,1.0,30.6,0.0,3.0,0.0,2.0,3.0,0.0,12.0,5.0,7.0,0.0,2.0,0.0,8.0,2.0,1.0,1.0,7.0,178.0,156.0,87.0,11.0,2.0,6.0,0.0,0.0,,,,,,1.059,0.353,1.412,0.706,,87.64,18.86
Weah,LOSC,Forward,255.0,5,0.0,0.0,29.4,,,,,,,5.0,0.0,2.0,3.0,,,,1.0,1.0,0.0,5.0,66.0,51.0,81.0,25.0,2.0,2.0,0.0,0.0,,,,,,0.0,0.0,0.0,0.706,,77.27,11.14
Meraş,Beşiktaş,Defender,253.0,3,0.0,0.0,29.9,,,,,,,,,,,,,,1.0,0.0,1.0,12.0,88.0,71.0,80.7,50.0,1.0,2.0,0.0,0.0,,,,,,0.0,0.0,0.0,0.356,,80.68,11.06
Krunić,Milan,Midfielder,252.0,4,0.0,0.0,30.6,,,,,,,2.0,0.0,2.0,0.0,,,,3.0,2.0,1.0,11.0,90.0,77.0,88.5,0.0,3.0,8.0,0.0,0.0,,,,,,0.0,0.0,0.0,1.071,,85.56,12.11
Iličić,Atalanta,Midfielder,249.0,4,1.0,1.0,29.3,0.0,1.0,0.0,0.0,1.0,0.0,3.0,1.0,0.0,2.0,2.0,2.0,13.0,4.0,1.0,3.0,2.0,130.0,101.0,78.0,57.0,1.0,11.0,0.0,0.0,,,,,,0.361,0.361,0.723,0.361,,77.69,13.83
Nico González,Barcelona,Midfielder,247.0,4,0.0,0.0,33.6,,,,,,,3.0,1.0,0.0,3.0,,,,6.0,3.0,3.0,12.0,143.0,129.0,90.0,0.0,6.0,3.0,1.0,0.0,,,,,,0.0,0.0,0.0,2.186,,90.21,12.66
Eric García,Barcelona,Defender,247.0,4,0.0,0.0,29.7,,,,,,,2.0,0.0,1.0,1.0,,,,3.0,1.0,2.0,14.0,203.0,197.0,97.5,0.0,6.0,1.0,3.0,1.0,,,,,,0.0,0.0,0.0,2.186,,97.04,12.82
Werner,Chelsea,Forward,246.0,5,4.0,2.0,29.8,4.0,0.0,0.0,0.0,4.0,0.0,10.0,5.0,1.0,5.0,0.0,1.0,10.0,0.0,0.0,0.0,8.0,71.0,58.0,77.6,0.0,,,,,,,,,,1.463,0.732,2.195,0.0,,81.69,20.74
Gudmundsson,LOSC,Defender,243.0,4,0.0,0.0,29.1,,,,,,,2.0,0.0,1.0,1.0,,,,2.0,2.0,0.0,10.0,76.0,53.0,70.0,0.0,2.0,7.0,1.0,0.0,,,,,,0.0,0.0,0.0,0.741,,69.74,10.11
Sierro,Young Boys,Midfielder,240.0,5,1.0,0.0,28.5,0.0,1.0,0.0,0.0,1.0,0.0,5.0,3.0,1.0,1.0,,,,1.0,0.0,1.0,10.0,114.0,86.0,72.4,60.0,5.0,0.0,2.0,0.0,,,,,,0.375,0.0,0.375,1.875,,75.44,12.09
André Almeida,Benfica,Defender,236.0,5,0.0,0.0,29.6,,,,,,,,,,,,,,6.0,2.0,4.0,15.0,103.0,82.0,86.4,33.0,2.0,5.0,0.0,0.0,,,,,,0.0,0.0,0.0,0.763,,79.61,11.8
Šeško,Salzburg,Forward,234.0,6,0.0,0.0,32.1,,,,,,,6.0,3.0,3.0,0.0,,,,0.0,0.0,0.0,6.0,58.0,40.0,67.3,100.0,4.0,0.0,0.0,0.0,,,,,,0.0,0.0,0.0,1.538,,68.97,9.94
Tolisso,Bayern,Midfielder,234.0,4,0.0,1.0,31.3,,,,,,,4.0,2.0,2.0,0.0,0.0,0.0,0.0,3.0,2.0,1.0,15.0,197.0,178.0,86.8,0.0,5.0,3.0,0.0,0.0,,,,,,0.0,0.385,0.385,1.923,,90.36,13.01
Dalot,Man. United,Defender,233.0,3,0.0,0.0,21.0,,,,,,,4.0,1.0,2.0,1.0,,,,2.0,0.0,2.0,9.0,135.0,115.0,80.3,33.0,5.0,0.0,1.0,0.0,,,,,,0.0,0.0,0.0,1.931,,85.19,10.13
Klaassen,Ajax,Midfielder,232.0,7,1.0,1.0,33.6,1.0,0.0,0.0,0.0,1.0,0.0,1.0,1.0,0.0,0.0,0.0,0.0,0.0,3.0,1.0,2.0,10.0,108.0,94.0,76.7,50.0,5.0,2.0,0.0,0.0,,,,,,0.388,0.388,0.776,1.94,,87.04,14.13
Adamu,Salzburg,Forward,231.0,8,1.0,0.0,32.6,1.0,0.0,0.0,0.0,1.0,0.0,4.0,2.0,0.0,1.0,,,,8.0,2.0,6.0,6.0,59.0,32.0,60.4,0.0,10.0,2.0,0.0,0.0,,,,,,0.39,0.0,0.39,3.896,,54.24,11.5
Dest,Barcelona,Defender,230.0,4,0.0,0.0,30.2,,,,,,,3.0,1.0,1.0,1.0,,,,3.0,3.0,0.0,11.0,109.0,95.0,85.5,0.0,3.0,3.0,1.0,0.0,,,,,,0.0,0.0,0.0,1.174,,87.16,11.87
Suso,Sevilla,Forward,228.0,4,0.0,0.0,25.2,,,,,,,8.0,2.0,5.0,1.0,,,,1.0,0.0,1.0,4.0,99.0,81.0,82.0,23.0,5.0,6.0,1.0,0.0,,,,,,0.0,0.0,0.0,1.974,,81.82,10.72
Herrera,Atlético,Midfielder,226.0,4,0.0,0.0,30.1,,,,,,,1.0,0.0,1.0,0.0,,,,4.0,1.0,3.0,20.0,121.0,102.0,82.3,0.0,6.0,2.0,2.0,0.0,,,,,,0.0,0.0,0.0,2.389,,84.3,11.34
Stepanenko,Shakhtar Donetsk,Midfielder,225.0,4,0.0,0.0,30.6,,,,,,,1.0,0.0,1.0,0.0,,,,4.0,1.0,3.0,8.0,146.0,137.0,94.3,0.0,7.0,0.0,0.0,0.0,,,,,,0.0,0.0,0.0,2.8,,93.84,12.59
Diawara,Malmö,Goalkeeper,225.0,3,0.0,0.0,11.1,,,,,,,,,,,,,,,,,,66.0,48.0,61.3,0.0,,,,,13.0,6.0,1.0,0.0,1.0,0.0,0.0,0.0,0.0,0.684,72.73,7.24
Moi Gómez,Villarreal,Midfielder,222.0,6,0.0,1.0,32.0,,,,,,,4.0,2.0,0.0,2.0,0.0,0.0,4.0,3.0,2.0,1.0,5.0,83.0,62.0,83.2,25.0,3.0,0.0,0.0,0.0,,,,,,0.0,0.405,0.405,1.216,,74.7,12.72
Rieks,Malmö,Midfielder,222.0,3,1.0,0.0,27.8,1.0,0.0,0.0,0.0,1.0,0.0,3.0,1.0,2.0,0.0,,,,4.0,2.0,2.0,4.0,68.0,55.0,79.3,0.0,1.0,1.0,1.0,0.0,,,,,,0.405,0.0,0.405,0.405,,80.88,12.91
Pašalić,Atalanta,Midfielder,220.0,5,1.0,1.0,30.0,0.0,1.0,0.0,0.0,1.0,0.0,3.0,1.0,2.0,1.0,0.0,0.0,2.0,1.0,1.0,0.0,7.0,71.0,57.0,79.6,0.0,2.0,3.0,1.0,0.0,,,,,,0.409,0.409,0.818,0.818,,80.28,14.06
Trippier,Atlético,Defender,220.0,3,0.0,0.0,27.0,,,,,,,,,,,,,,3.0,3.0,0.0,7.0,95.0,70.0,73.3,20.0,1.0,4.0,0.0,0.0,,,,,,0.0,0.0,0.0,0.409,,73.68,10.33
Mingueza,Barcelona,Defender,219.0,5,0.0,0.0,27.2,,,,,,,,,,,,,,2.0,1.0,1.0,11.0,140.0,119.0,89.0,18.0,7.0,1.0,0.0,0.0,,,,,,0.0,0.0,0.0,2.877,,85.0,11.72
Bozdoğan,Beşiktaş,Midfielder,219.0,4,0.0,0.0,28.3,,,,,,,2.0,0.0,2.0,0.0,,,,1.0,1.0,0.0,4.0,52.0,39.0,74.8,100.0,4.0,7.0,1.0,0.0,,,,,,0.0,0.0,0.0,1.644,,75.0,10.41
Nuno Santos,Sporting CP,Forward,218.0,7,1.0,0.0,28.9,0.0,1.0,0.0,0.0,1.0,0.0,2.0,1.0,1.0,0.0,,,,,,,,72.0,49.0,60.1,11.0,1.0,2.0,0.0,0.0,,,,,,0.413,0.0,0.413,0.413,,68.06,10.9
Vitinha,Porto,Midfielder,218.0,6,0.0,0.0,31.1,,,,,,,4.0,1.0,0.0,3.0,,,,4.0,0.0,4.0,12.0,142.0,127.0,89.8,0.0,3.0,0.0,2.0,0.0,,,,,,0.0,0.0,0.0,1.239,,89.44,12.09
Kalulu,Milan,Defender,216.0,5,0.0,1.0,26.6,,,,,,,2.0,1.0,1.0,0.0,0.0,0.0,1.0,5.0,3.0,2.0,10.0,79.0,57.0,68.8,50.0,3.0,0.0,1.0,0.0,,,,,,0.0,0.417,0.417,1.25,,72.15,10.84
Dahoud,Dortmund,Midfielder,212.0,4,0.0,2.0,28.2,,,,,,,6.0,1.0,1.0,4.0,7.0,1.0,3.0,1.0,0.0,1.0,11.0,141.0,117.0,86.0,60.0,2.0,2.0,0.0,0.0,,,,,,0.0,0.849,0.849,0.849,,82.98,13.42
Corona,Porto,Forward,212.0,4,0.0,0.0,28.0,,,,,,,,,,,,,,4.0,0.0,4.0,9.0,76.0,55.0,77.0,28.0,3.0,4.0,1.0,0.0,,,,,,0.0,0.0,0.0,1.274,,72.37,10.5
Nianzou,Bayern,Midfielder,212.0,4,0.0,0.0,25.4,,,,,,,,,,,,,,4.0,2.0,2.0,16.0,199.0,192.0,94.5,0.0,6.0,2.0,1.0,0.0,,,,,,0.0,0.0,0.0,2.547,,96.48,12.19
Pessina,Atalanta,Midfielder,211.0,4,1.0,0.0,29.4,0.0,1.0,0.0,0.0,1.0,0.0,2.0,2.0,1.0,0.0,,,,1.0,1.0,0.0,11.0,100.0,78.0,74.3,33.0,2.0,3.0,0.0,0.0,,,,,,0.427,0.0,0.427,0.853,,78.0,12.47
Koopmeiners,Atalanta,Midfielder,210.0,5,0.0,1.0,28.9,,,,,,,4.0,0.0,1.0,3.0,8.0,0.0,1.0,4.0,1.0,3.0,7.0,135.0,106.0,57.8,0.0,3.0,3.0,0.0,0.0,,,,,,0.0,0.429,0.429,1.286,,78.52,9.77
Szoboszlai,Leipzig,Midfielder,209.0,4,2.0,0.0,26.9,1.0,1.0,0.0,1.0,2.0,0.0,4.0,2.0,2.0,0.0,,,,0.0,0.0,0.0,4.0,105.0,85.0,79.8,44.0,1.0,3.0,0.0,0.0,,,,,,0.861,0.0,0.861,0.431,,80.95,14.67
Marlos,Shakhtar Donetsk,Midfielder,206.0,6,0.0,0.0,25.4,,,,,,,3.0,2.0,1.0,0.0,,,,1.0,1.0,0.0,4.0,126.0,110.0,91.2,50.0,,,,,,,,,,0.0,0.0,0.0,0.0,,87.3,11.76
Ugarte,Sporting CP,Midfielder,205.0,4,0.0,0.0,29.6,,,,,,,,,,,,,,7.0,3.0,4.0,7.0,74.0,65.0,84.0,50.0,7.0,8.0,1.0,0.0,,,,,,0.0,0.0,0.0,3.073,,87.84,11.66
Yakhshiboev,Sheriff,Forward,205.0,3,1.0,0.0,27.9,0.0,0.0,1.0,0.0,1.0,0.0,4.0,2.0,1.0,1.0,,,,4.0,0.0,4.0,3.0,37.0,22.0,52.7,0.0,5.0,0.0,0.0,0.0,,,,,,0.439,0.0,0.439,2.195,,59.46,10.06
Munir,Sevilla,Forward,204.0,4,0.0,0.0,26.4,,,,,,,5.0,0.0,2.0,3.0,,,,1.0,0.0,1.0,1.0,49.0,41.0,80.5,100.0,3.0,6.0,0.0,0.0,,,,,,0.0,0.0,0.0,1.324,,83.67,10.69
Van de Beek,Man. United,Midfielder,204.0,4,0.0,0.0,23.5,,,,,,,1.0,1.0,0.0,0.0,,,,8.0,3.0,5.0,11.0,117.0,102.0,82.3,0.0,4.0,2.0,1.0,0.0,,,,,,0.0,0.0,0.0,1.765,,87.18,10.88
Bornauw,Wolfsburg,Defender,204.0,3,0.0,0.0,22.3,,,,,,,2.0,0.0,2.0,0.0,,,,1.0,1.0,0.0,15.0,86.0,68.0,75.3,0.0,3.0,0.0,1.0,0.0,,,,,,0.0,0.0,0.0,1.324,,79.07,9.86
Neres,Ajax,Forward,203.0,5,1.0,0.0,24.0,0.0,1.0,0.0,0.0,1.0,0.0,6.0,3.0,1.0,2.0,,,,0.0,0.0,0.0,3.0,104.0,91.0,88.0,57.0,3.0,0.0,0.0,0.0,,,,,,0.443,0.0,0.443,1.33,,87.5,13.2
Haaland,Dortmund,Forward,203.0,3,3.0,0.0,22.3,0.0,1.0,2.0,0.0,3.0,0.0,12.0,7.0,5.0,0.0,,,,0.0,0.0,0.0,5.0,50.0,27.0,83.0,0.0,2.0,2.0,0.0,0.0,,,,,,1.33,0.0,1.33,0.887,,54.0,16.53
Bruno Tabata,Sporting CP,Midfielder,201.0,4,1.0,1.0,28.3,0.0,1.0,0.0,0.0,1.0,0.0,4.0,1.0,1.0,2.0,2.0,0.0,2.0,5.0,0.0,5.0,3.0,76.0,58.0,74.0,20.0,5.0,2.0,1.0,0.0,,,,,,0.448,0.448,0.896,2.239,,76.32,13.23
Delaney,Sevilla,Midfielder,200.0,4,0.0,0.0,28.1,,,,,,,1.0,0.0,0.0,1.0,,,,4.0,2.0,2.0,9.0,76.0,61.0,70.5,0.0,4.0,2.0,2.0,0.0,,,,,,0.0,0.0,0.0,1.8,,80.26,10.06
Darmian,Inter,Defender,196.0,5,0.0,0.0,25.1,,,,,,,2.0,0.0,1.0,1.0,,,,2.0,1.0,1.0,3.0,57.0,41.0,62.0,20.0,1.0,2.0,1.0,0.0,,,,,,0.0,0.0,0.0,0.459,,71.93,8.81
Schulz,Dortmund,Defender,195.0,4,0.0,1.0,24.5,,,,,,,,,,,0.0,0.0,2.0,2.0,0.0,2.0,10.0,129.0,110.0,83.5,100.0,2.0,0.0,0.0,0.0,,,,,,0.0,0.462,0.462,0.923,,85.27,11.8
Matić,Man. United,Midfielder,194.0,8,0.0,0.0,24.6,,,,,,,1.0,0.0,1.0,0.0,,,,1.0,1.0,0.0,13.0,152.0,132.0,81.1,0.0,2.0,4.0,2.0,0.0,,,,,,0.0,0.0,0.0,0.928,,86.84,10.67
Gerhardt,Wolfsburg,Midfielder,192.0,5,0.0,1.0,25.8,,,,,,,1.0,0.0,0.0,1.0,0.0,0.0,0.0,2.0,2.0,0.0,5.0,61.0,44.0,63.0,66.0,2.0,4.0,0.0,0.0,,,,,,0.0,0.469,0.469,0.938,,72.13,10.08
Kryvtsov,Shakhtar Donetsk,Defender,192.0,3,0.0,1.0,23.5,,,,,,,,,,,0.0,0.0,5.0,0.0,0.0,0.0,9.0,167.0,153.0,92.0,0.0,1.0,0.0,0.0,0.0,,,,,,0.0,0.469,0.469,0.469,,91.62,12.55
Necip Uysal,Beşiktaş,Goalkeeper,189.0,3,0.0,0.0,19.8,,,,,,,,,,,,,,4.0,2.0,2.0,5.0,55.0,37.0,68.0,50.0,2.0,1.0,0.0,0.0,,,,,,0.0,0.0,0.0,0.952,,67.27,8.98
Chilwell,Chelsea,Defender,188.0,4,0.0,0.0,23.3,,,,,,,8.0,1.0,1.0,1.0,,,,1.0,0.0,1.0,5.0,87.0,71.0,82.3,26.0,2.0,1.0,0.0,0.0,,,,,,0.0,0.0,0.0,0.957,,81.61,10.56
Moisander,Malmö,Defender,187.0,3,0.0,0.0,22.0,,,,,,,,,,,,,,4.0,3.0,1.0,16.0,86.0,77.0,60.0,0.0,1.0,1.0,1.0,0.0,,,,,,0.0,0.0,0.0,0.481,,89.53,8.5
Montiel,Sevilla,Defender,186.0,4,0.0,0.0,24.9,,,,,,,1.0,1.0,0.0,0.0,,,,8.0,3.0,5.0,12.0,123.0,103.0,75.3,18.0,1.0,2.0,1.0,0.0,,,,,,0.0,0.0,0.0,0.484,,83.74,10.32
Alex Teixeira,Beşiktaş,Midfielder,184.0,3,0.0,0.0,18.6,,,,,,,1.0,0.0,1.0,0.0,,,,2.0,2.0,0.0,7.0,50.0,44.0,86.7,0.0,2.0,4.0,1.0,0.0,,,,,,0.0,0.0,0.0,0.978,,88.0,10.73
Haidara,Leipzig,Midfielder,182.0,4,0.0,0.0,24.4,,,,,,,1.0,0.0,1.0,0.0,,,,8.0,5.0,3.0,14.0,123.0,106.0,86.0,0.0,3.0,1.0,0.0,0.0,,,,,,0.0,0.0,0.0,1.484,,86.18,11.54
Guerreiro,Dortmund,Defender,182.0,3,0.0,0.0,23.1,,,,,,,2.0,0.0,1.0,1.0,,,,1.0,0.0,1.0,8.0,129.0,111.0,84.3,0.0,,,,,,,,,,0.0,0.0,0.0,0.0,,86.05,10.74
Vlahović,Juventus,Forward,180.0,2,1.0,0.0,20.9,1.0,0.0,0.0,0.0,1.0,0.0,5.0,4.0,1.0,0.0,,,,,,,,29.0,22.0,77.0,0.0,,,,,,,,,,0.5,0.0,0.5,0.0,,75.86,11.79
Morato,Benfica,Defender,180.0,2,1.0,0.0,19.6,0.0,0.0,1.0,0.0,1.0,0.0,1.0,1.0,0.0,0.0,,,,2.0,1.0,1.0,10.0,134.0,121.0,88.5,0.0,1.0,0.0,0.0,0.0,,,,,,0.5,0.0,0.5,0.5,,90.3,12.91
Bürgy,Young Boys,Defender,180.0,2,0.0,0.0,21.4,,,,,,,1.0,1.0,0.0,0.0,,,,0.0,0.0,0.0,13.0,130.0,117.0,90.0,0.0,1.0,4.0,0.0,0.0,,,,,,0.0,0.0,0.0,0.5,,90.0,11.14
Vida,Beşiktaş,Defender,180.0,2,0.0,0.0,19.1,,,,,,,,,,,,,,1.0,1.0,0.0,16.0,99.0,90.0,90.0,0.0,4.0,4.0,1.0,0.0,,,,,,0.0,0.0,0.0,2.0,,90.91,11.01
Bailly,Man. United,Defender,180.0,2,0.0,0.0,18.8,,,,,,,,,,,,,,2.0,1.0,1.0,11.0,107.0,98.0,83.0,0.0,2.0,2.0,0.0,0.0,,,,,,0.0,0.0,0.0,1.0,,91.59,10.28
Leo Jardim,LOSC,Goalkeeper,180.0,2,0.0,0.0,11.1,,,,,,,,,,,,,,,,,,37.0,26.0,70.5,0.0,,,,,4.0,4.0,0.0,0.0,0.0,0.0,0.0,0.0,0.0,0.5,70.27,8.16
M. Kerzhakov,Zenit,Goalkeeper,180.0,2,0.0,0.0,10.6,,,,,,,,,,,,,,,,,,33.0,27.0,84.0,0.0,,,,,5.0,4.0,0.0,0.0,0.0,0.0,0.0,0.0,0.0,0.556,81.82,9.46
Onana,Ajax,Goalkeeper,180.0,2,0.0,0.0,8.4,,,,,,,,,,,,,,,,,,56.0,49.0,88.0,0.0,,,,,2.0,2.0,0.0,0.0,0.0,0.0,0.0,0.0,0.0,0.5,87.5,9.64
Mudryk,Shakhtar Donetsk,Midfielder,179.0,6,0.0,0.0,24.2,,,,,,,4.0,4.0,0.0,0.0,,,,3.0,1.0,2.0,7.0,69.0,54.0,86.5,9.0,3.0,4.0,1.0,0.0,,,,,,0.0,0.0,0.0,1.508,,78.26,11.17
L. de Jong,Barcelona,Forward,179.0,3,0.0,0.0,22.3,,,,,,,6.0,1.0,5.0,0.0,,,,0.0,0.0,2.0,1.0,35.0,29.0,83.0,0.0,1.0,1.0,0.0,0.0,,,,,,0.0,0.0,0.0,0.503,,82.86,10.53
Rugani,Juventus,Defender,177.0,4,0.0,0.0,21.7,,,,,,,1.0,1.0,0.0,0.0,,,,2.0,1.0,1.0,15.0,130.0,122.0,96.8,0.0,3.0,1.0,0.0,0.0,,,,,,0.0,0.0,0.0,1.525,,93.85,11.95
Chalobah,Chelsea,Defender,175.0,3,1.0,0.0,20.4,1.0,0.0,0.0,0.0,1.0,0.0,3.0,1.0,2.0,0.0,,,,1.0,0.0,1.0,7.0,106.0,92.0,85.7,0.0,3.0,0.0,1.0,0.0,,,,,,0.514,0.0,0.514,1.543,,86.79,12.61
Elanga,Man. United,Forward,172.0,3,1.0,0.0,23.0,1.0,0.0,0.0,0.0,1.0,0.0,4.0,3.0,1.0,0.0,,,,0.0,0.0,0.0,3.0,47.0,31.0,61.3,0.0,3.0,2.0,0.0,0.0,,,,,,0.523,0.0,0.523,1.57,,65.96,10.43
Paulo Otávio,Wolfsburg,Defender,171.0,4,0.0,0.0,20.2,,,,,,,,,,,,,,3.0,2.0,1.0,15.0,72.0,48.0,66.3,0.0,2.0,6.0,0.0,0.0,,,,,,0.0,0.0,0.0,1.053,,66.67,8.85
Wolf,Dortmund,Midfielder,170.0,5,0.0,0.0,24.3,,,,,,,3.0,1.0,1.0,1.0,,,,5.0,0.0,5.0,3.0,66.0,50.0,65.2,25.0,3.0,0.0,0.0,0.0,,,,,,0.0,0.0,0.0,1.588,,75.76,8.95
Pongračić,Dortmund,Defender,170.0,5,0.0,0.0,20.6,,,,,,,,,,,,,,2.0,2.0,0.0,9.0,89.0,78.0,89.8,0.0,1.0,0.0,0.0,0.0,,,,,,0.0,0.0,0.0,0.529,,87.64,11.24
Sergi Roberto,Barcelona,Midfielder,169.0,3,0.0,0.0,22.0,,,,,,,2.0,0.0,1.0,1.0,,,,2.0,1.0,1.0,4.0,77.0,62.0,80.0,0.0,,,,,,,,,,0.0,0.0,0.0,0.0,,80.52,10.3
Kean,Juventus,Forward,168.0,6,1.0,0.0,20.6,0.0,0.0,1.0,0.0,1.0,0.0,9.0,4.0,4.0,1.0,,,,0.0,0.0,0.0,2.0,44.0,29.0,57.2,0.0,5.0,0.0,0.0,0.0,,,,,,0.536,0.0,0.536,2.679,,65.91,9.78
Gomes,LOSC,Midfielder,168.0,4,1.0,1.0,19.7,1.0,0.0,0.0,0.0,1.0,0.0,3.0,1.0,2.0,0.0,0.0,1.0,3.0,2.0,0.0,2.0,5.0,54.0,40.0,76.5,50.0,1.0,4.0,0.0,0.0,,,,,,0.536,0.536,1.071,0.536,,74.07,12.62
Óliver Torres,Sevilla,Midfielder,168.0,4,0.0,0.0,25.8,,,,,,,1.0,1.0,0.0,0.0,,,,0.0,0.0,0.0,4.0,122.0,105.0,79.5,20.0,,,,,,,,,,0.0,0.0,0.0,0.0,,86.07,10.53
Lefort,Young Boys,Defender,167.0,3,0.0,0.0,21.1,,,,,,,1.0,0.0,1.0,0.0,,,,5.0,5.0,0.0,8.0,95.0,65.0,70.7,50.0,6.0,0.0,0.0,0.0,,,,,,0.0,0.0,0.0,3.234,,68.42,9.68
Diallo,Paris,Defender,165.0,2,0.0,0.0,17.9,,,,,,,,,,,,,,1.0,0.0,1.0,15.0,117.0,103.0,85.5,0.0,4.0,0.0,0.0,0.0,,,,,,0.0,0.0,0.0,2.182,,88.03,10.34
Ricca,Club Brugge,Defender,164.0,4,0.0,0.0,21.9,,,,,,,3.0,0.0,3.0,0.0,,,,0.0,0.0,0.0,12.0,61.0,47.0,75.3,25.0,,,,,,,,,,0.0,0.0,0.0,0.0,,77.05,9.72
Tiago Tomás,Sporting CP,Forward,162.0,5,0.0,0.0,22.1,,,,,,,4.0,1.0,3.0,0.0,,,,5.0,1.0,4.0,2.0,27.0,20.0,56.8,33.0,3.0,4.0,1.0,0.0,,,,,,0.0,0.0,0.0,1.667,,74.07,7.99
Van Der Brempt,Club Brugge,Defender,162.0,5,0.0,0.0,21.5,,,,,,,,,,,,,,5.0,3.0,2.0,11.0,58.0,40.0,68.8,28.0,5.0,4.0,0.0,0.0,,,,,,0.0,0.0,0.0,2.778,,68.97,9.33
Tymchyk,Dynamo Kyiv,Defender,160.0,4,0.0,0.0,22.0,,,,,,,1.0,1.0,0.0,0.0,,,,1.0,0.0,1.0,10.0,94.0,75.0,75.8,0.0,2.0,3.0,1.0,0.0,,,,,,0.0,0.0,0.0,1.125,,79.79,9.78
Ibrahimović,Milan,Forward,160.0,4,0.0,0.0,16.4,,,,,,,3.0,0.0,2.0,1.0,,,,,,,,49.0,40.0,86.8,100.0,1.0,2.0,1.0,0.0,,,,,,0.0,0.0,0.0,0.562,,81.63,10.32
Saúl Ñíguez,Chelsea,Midfielder,159.0,5,0.0,0.0,23.0,,,,,,,5.0,2.0,3.0,0.0,,,,4.0,4.0,0.0,8.0,92.0,79.0,77.8,0.0,3.0,1.0,0.0,0.0,,,,,,0.0,0.0,0.0,1.698,,85.87,10.48
Pedri,Barcelona,Midfielder,158.0,2,0.0,0.0,20.7,,,,,,,1.0,0.0,1.0,0.0,,,,2.0,0.0,2.0,8.0,103.0,90.0,87.0,0.0,2.0,1.0,0.0,0.0,,,,,,0.0,0.0,0.0,1.139,,87.38,10.77
Pizzi,Benfica,Midfielder,157.0,6,0.0,0.0,21.2,,,,,,,3.0,1.0,0.0,2.0,,,,,,,,61.0,43.0,61.0,16.0,,,,,,,,,,0.0,0.0,0.0,0.0,,70.49,8.22
Vormer,Club Brugge,Midfielder,156.0,4,0.0,1.0,20.9,,,,,,,2.0,0.0,1.0,1.0,6.0,1.0,0.0,4.0,2.0,2.0,3.0,80.0,68.0,83.0,20.0,3.0,0.0,0.0,0.0,,,,,,0.0,0.577,0.577,1.731,,85.0,11.59
Hutchinson,Beşiktaş,Midfielder,156.0,4,0.0,0.0,19.9,,,,,,,4.0,2.0,2.0,0.0,,,,1.0,1.0,0.0,5.0,90.0,77.0,88.5,50.0,2.0,3.0,1.0,0.0,,,,,,0.0,0.0,0.0,1.154,,85.56,10.94
Yansané,Sheriff,Forward,156.0,3,1.0,0.0,21.6,0.0,0.0,1.0,0.0,1.0,0.0,3.0,2.0,1.0,0.0,,,,0.0,0.0,0.0,5.0,37.0,31.0,72.3,0.0,1.0,2.0,0.0,0.0,,,,,,0.577,0.0,0.577,0.577,,83.78,11.39
Alexis Sánchez,Inter,Forward,155.0,6,1.0,1.0,19.0,1.0,0.0,0.0,0.0,1.0,0.0,2.0,1.0,1.0,0.0,0.0,3.0,2.0,6.0,2.0,4.0,4.0,67.0,54.0,80.0,0.0,2.0,2.0,2.0,1.0,,,,,,0.581,0.581,1.161,1.161,,80.6,13.1
Meite,Benfica,Midfielder,155.0,3,0.0,0.0,34.55,,,,,,,1.0,0.0,1.0,0.0,,,,0.0,0.0,0.0,9.0,41.0,35.0,84.0,0.0,1.0,7.0,0.0,0.0,,,,,,0.0,0.0,0.0,0.581,,85.37,11.855
Fábio Cardoso,Porto,Defender,155.0,2,0.0,0.0,18.7,,,,,,,1.0,0.0,1.0,0.0,,,,0.0,0.0,0.0,3.0,39.0,36.0,94.0,0.0,,,,,,,,,,0.0,0.0,0.0,0.0,,92.31,11.27
Karavaev,Dynamo Kyiv,Defender,154.0,6,0.0,0.0,21.6,,,,,,,3.0,0.0,1.0,2.0,,,,1.0,0.0,1.0,4.0,57.0,44.0,70.5,25.0,1.0,3.0,0.0,0.0,,,,,,0.0,0.0,0.0,0.584,,77.19,9.21
Fati,Barcelona,Forward,154.0,3,1.0,0.0,19.7,1.0,0.0,0.0,0.0,1.0,0.0,4.0,1.0,1.0,2.0,,,,1.0,1.0,0.0,2.0,74.0,64.0,86.7,50.0,6.0,2.0,0.0,0.0,,,,,,0.584,0.0,0.584,3.506,,86.49,12.74
Mostovoy,Zenit,Midfielder,150.0,5,0.0,0.0,20.9,,,,,,,2.0,1.0,1.0,0.0,,,,1.0,0.0,1.0,4.0,49.0,38.0,81.2,16.0,2.0,2.0,0.0,0.0,,,,,,0.0,0.0,0.0,1.2,,77.55,10.21
Poulsen,Leipzig,Forward,147.0,4,0.0,1.0,18.8,,,,,,,5.0,1.0,2.0,2.0,0.0,0.0,2.0,3.0,0.0,3.0,3.0,43.0,27.0,46.8,0.0,4.0,1.0,1.0,0.0,,,,,,0.0,0.612,0.612,2.449,,62.79,7.56
D'Ambrosio,Inter,Defender,147.0,3,0.0,0.0,19.2,,,,,,,2.0,0.0,2.0,0.0,,,,3.0,1.0,2.0,7.0,64.0,56.0,90.7,0.0,4.0,1.0,1.0,0.0,,,,,,0.0,0.0,0.0,2.449,,87.5,11.09
Schuurs,Ajax,Defender,146.0,3,0.0,1.0,14.4,,,,,,,2.0,0.0,2.0,0.0,0.0,0.0,0.0,5.0,2.0,3.0,13.0,111.0,99.0,90.3,0.0,2.0,0.0,1.0,0.0,,,,,,0.0,0.616,0.616,1.233,,89.19,11.67
Toni Martínez,Porto,Forward,144.0,6,0.0,0.0,19.6,,,,,,,1.0,0.0,0.0,1.0,,,,1.0,0.0,1.0,1.0,20.0,16.0,89.0,0.0,2.0,3.0,0.0,0.0,,,,,,0.0,0.0,0.0,1.25,,80.0,10.86
Matheus Cunha,Atlético,Forward,142.0,5,0.0,0.0,18.3,,,,,,,4.0,0.0,2.0,2.0,,,,2.0,0.0,2.0,2.0,19.0,17.0,93.6,0.0,6.0,3.0,0.0,0.0,,,,,,0.0,0.0,0.0,3.803,,89.47,11.19
T. Hazard,Dortmund,Midfielder,142.0,3,0.0,0.0,19.0,,,,,,,3.0,0.0,2.0,1.0,,,,2.0,0.0,2.0,4.0,66.0,54.0,80.7,33.0,,,,,,,,,,0.0,0.0,0.0,0.0,,81.82,9.97
Tagliafico,Ajax,Defender,139.0,3,0.0,1.0,16.6,,,,,,,1.0,0.0,1.0,0.0,0.0,0.0,1.0,4.0,3.0,1.0,10.0,69.0,57.0,76.3,16.0,1.0,5.0,0.0,0.0,,,,,,0.0,0.647,0.647,0.647,,82.61,10.59
Draxler,Paris,Forward,136.0,3,0.0,0.0,15.1,,,,,,,2.0,0.0,1.0,1.0,,,,2.0,1.0,1.0,5.0,76.0,68.0,77.0,0.0,,,,,,,,,,0.0,0.0,0.0,0.0,,89.47,9.31
Rıdvan Yılmaz,Beşiktaş,Defender,135.0,2,0.0,0.0,15.3,,,,,,,,,,,,,,0.0,0.0,0.0,10.0,57.0,44.0,78.5,0.0,1.0,2.0,0.0,0.0,,,,,,0.0,0.0,0.0,0.667,,77.19,9.38
Sabitzer,Bayern,Midfielder,133.0,5,0.0,0.0,19.6,,,,,,,5.0,0.0,4.0,1.0,,,,1.0,0.0,1.0,7.0,83.0,72.0,85.8,0.0,3.0,0.0,1.0,0.0,,,,,,0.0,0.0,0.0,2.03,,86.75,10.54
Daniel Bragança,Sporting CP,Midfielder,131.0,5,0.0,0.0,34.55,,,,,,,3.0,1.0,1.0,1.0,,,,2.0,2.0,0.0,7.0,66.0,61.0,93.6,0.0,3.0,6.0,1.0,0.0,,,,,,0.0,0.0,0.0,2.061,,92.42,13.015
Diogo Gonçalves,Benfica,Midfielder,131.0,5,0.0,0.0,18.0,,,,,,,2.0,1.0,1.0,0.0,,,,2.0,1.0,2.0,6.0,42.0,35.0,69.4,20.0,,,,,,,,,,0.0,0.0,0.0,0.0,,83.33,8.84
Wendell,Porto,Defender,131.0,4,0.0,0.0,16.0,,,,,,,1.0,0.0,1.0,0.0,,,,6.0,2.0,4.0,4.0,52.0,42.0,84.8,0.0,7.0,1.0,1.0,1.0,,,,,,0.0,0.0,0.0,4.809,,80.77,10.28
Mechele,Club Brugge,Defender,131.0,3,0.0,0.0,16.5,,,,,,,,,,,,,,1.0,0.0,1.0,5.0,38.0,32.0,88.7,0.0,,,,,,,,,,0.0,0.0,0.0,0.0,,84.21,10.52
Muriel,Atalanta,Forward,130.0,5,1.0,0.0,16.9,1.0,0.0,0.0,0.0,0.0,1.0,8.0,4.0,2.0,2.0,,,,,,,,59.0,48.0,65.0,0.0,2.0,3.0,1.0,0.0,,,,,,0.692,0.0,0.692,1.385,,81.36,10.19
Aurier,Villarreal,Defender,129.0,5,0.0,1.0,15.9,,,,,,,1.0,0.0,1.0,0.0,1.0,0.0,0.0,3.0,1.0,2.0,9.0,66.0,58.0,91.8,0.0,1.0,1.0,0.0,0.0,,,,,,0.0,0.698,0.698,0.698,,87.88,11.87
Reinier,Dortmund,Forward,126.0,3,0.0,0.0,16.7,,,,,,,2.0,0.0,2.0,0.0,,,,2.0,0.0,2.0,6.0,71.0,64.0,90.0,0.0,4.0,0.0,0.0,0.0,,,,,,0.0,0.0,0.0,2.857,,90.14,10.67
Marcano,Porto,Defender,126.0,2,0.0,0.0,14.8,,,,,,,,,,,,,,0.0,0.0,0.0,6.0,53.0,36.0,60.5,0.0,,,,,,,,,,0.0,0.0,0.0,0.0,,67.92,7.53
Sarr,Bayern,Defender,125.0,5,0.0,0.0,17.3,,,,,,,2.0,0.0,1.0,1.0,,,,1.0,1.0,0.0,3.0,72.0,62.0,90.2,25.0,3.0,3.0,1.0,0.0,,,,,,0.0,0.0,0.0,2.16,,86.11,10.85
Rekik,Sevilla,Defender,125.0,4,0.0,0.0,15.1,,,,,,,,,,,,,,1.0,0.0,1.0,5.0,93.0,86.0,92.3,0.0,3.0,3.0,1.0,0.0,,,,,,0.0,0.0,0.0,2.16,,92.47,10.74
Vecino,Inter,Midfielder,124.0,4,0.0,0.0,18.9,,,,,,,,,,,,,,0.0,0.0,0.0,3.0,40.0,29.0,62.5,0.0,,,,,,,,,,0.0,0.0,0.0,0.0,,72.5,8.14
Lewicki,Malmö,Midfielder,123.0,2,0.0,0.0,34.55,,,,,,,,,,,,,,1.0,1.0,0.0,6.0,62.0,54.0,87.5,0.0,,,,,,,,,,0.0,0.0,0.0,0.0,,87.1,12.305
Dembélé,Barcelona,Forward,122.0,3,0.0,0.0,14.8,,,,,,,4.0,1.0,2.0,1.0,,,,1.0,0.0,1.0,2.0,57.0,41.0,73.0,20.0,1.0,2.0,0.0,0.0,,,,,,0.0,0.0,0.0,0.738,,71.93,8.78
Lamela,Sevilla,Midfielder,119.0,4,0.0,0.0,17.6,,,,,,,3.0,2.0,1.0,0.0,,,,3.0,2.0,4.0,7.0,54.0,46.0,85.0,20.0,4.0,6.0,1.0,0.0,,,,,,0.0,0.0,0.0,3.025,,85.19,10.46
Waldschmidt,Wolfsburg,Forward,119.0,3,0.0,0.0,15.6,,,,,,,2.0,0.0,2.0,0.0,,,,1.0,0.0,1.0,1.0,30.0,25.0,74.3,0.0,2.0,0.0,1.0,0.0,,,,,,0.0,0.0,0.0,1.513,,83.33,8.99
Rebić,Milan,Forward,117.0,2,1.0,0.0,13.0,1.0,0.0,0.0,0.0,1.0,0.0,2.0,2.0,0.0,0.0,,,,3.0,0.0,2.0,1.0,21.0,13.0,62.0,0.0,2.0,0.0,1.0,0.0,,,,,,0.769,0.0,0.769,1.538,,61.9,9.5
Lingard,Man. United,Midfielder,116.0,4,0.0,1.0,14.0,,,,,,,2.0,2.0,0.0,0.0,0.0,0.0,2.0,0.0,0.0,0.0,1.0,49.0,42.0,82.5,0.0,,,,,,,,,,0.0,0.776,0.776,0.0,,85.71,10.65
Abubakari,Malmö,Forward,116.0,4,0.0,0.0,15.3,,,,,,,2.0,0.0,2.0,0.0,,,,2.0,2.0,0.0,2.0,33.0,26.0,82.8,0.0,6.0,4.0,0.0,0.0,,,,,,0.0,0.0,0.0,4.655,,78.79,10.01
Brobbey,Leipzig,Forward,115.0,5,0.0,0.0,14.3,,,,,,,,,,,,,,1.0,1.0,0.0,2.0,23.0,13.0,42.6,0.0,3.0,3.0,0.0,0.0,,,,,,0.0,0.0,0.0,2.348,,56.52,5.79
Messias Junior,Milan,Forward,115.0,2,1.0,0.0,15.6,0.0,0.0,1.0,0.0,1.0,0.0,1.0,1.0,0.0,0.0,,,,1.0,1.0,0.0,3.0,35.0,26.0,84.0,25.0,2.0,4.0,1.0,0.0,,,,,,0.783,0.0,0.783,1.565,,74.29,12.06
Lázaro,Benfica,Midfielder,114.0,6,0.0,0.0,15.6,,,,,,,,,,,,,,2.0,1.0,1.0,4.0,47.0,38.0,54.0,0.0,2.0,1.0,0.0,0.0,,,,,,0.0,0.0,0.0,1.579,,80.85,7.06
Maceiras,Young Boys,Defender,113.0,3,0.0,0.0,16.0,,,,,,,1.0,0.0,1.0,0.0,,,,2.0,2.0,0.0,4.0,57.0,47.0,73.7,0.0,1.0,2.0,0.0,0.0,,,,,,0.0,0.0,0.0,0.796,,82.46,9.17
Salih Uçan,Beşiktaş,Midfielder,109.0,5,0.0,0.0,15.4,,,,,,,,,,,,,,4.0,2.0,2.0,11.0,57.0,50.0,75.4,0.0,2.0,0.0,0.0,0.0,,,,,,0.0,0.0,0.0,1.651,,87.72,9.28
Coutinho,Barcelona,Forward,109.0,4,0.0,0.0,14.3,,,,,,,4.0,1.0,2.0,1.0,,,,0.0,0.0,0.0,1.0,66.0,52.0,84.0,0.0,1.0,4.0,0.0,0.0,,,,,,0.0,0.0,0.0,0.826,,78.79,9.83
Correa,Inter,Forward,106.0,5,0.0,0.0,14.8,,,,,,,1.0,1.0,0.0,0.0,,,,,,,,27.0,24.0,90.8,0.0,1.0,2.0,0.0,0.0,,,,,,0.0,0.0,0.0,0.849,,88.89,10.56
Erokhin,Zenit,Midfielder,104.0,6,0.0,0.0,15.7,,,,,,,1.0,0.0,2.0,2.0,,,,3.0,0.0,3.0,3.0,27.0,26.0,98.0,0.0,2.0,2.0,0.0,0.0,,,,,,0.0,0.0,0.0,1.731,,96.3,11.37
Shkurin,Dynamo Kyiv,Forward,104.0,2,0.0,0.0,14.0,,,,,,,,,,,,,,1.0,0.0,1.0,1.0,22.0,14.0,64.0,0.0,,,,,,,,,,0.0,0.0,0.0,0.0,,63.64,7.8
Slimani,Sporting CP,Forward,104.0,2,0.0,0.0,12.4,,,,,,,,,,,,,,,,,,23.0,17.0,71.5,0.0,2.0,0.0,1.0,0.0,,,,,,0.0,0.0,0.0,1.731,,73.91,8.39
Demir,Barcelona,Midfielder,101.0,3,0.0,0.0,12.8,,,,,,,2.0,1.0,1.0,1.0,,,,0.0,0.0,0.0,1.0,47.0,39.0,87.7,0.0,1.0,1.0,0.0,0.0,,,,,,0.0,0.0,0.0,0.891,,82.98,10.05
Gosens,Atalanta,Midfielder,101.0,2,1.0,0.0,12.1,0.0,1.0,0.0,0.0,1.0,0.0,3.0,2.0,1.0,0.0,,,,2.0,1.0,1.0,5.0,56.0,43.0,70.5,0.0,2.0,0.0,0.0,0.0,,,,,,0.891,0.0,0.891,1.782,,76.79,10.36
Traoré,Shakhtar Donetsk,Forward,101.0,2,0.0,0.0,10.5,,,,,,,1.0,1.0,0.0,0.0,,,,,,,,22.0,16.0,36.5,0.0,1.0,1.0,0.0,0.0,,,,,,0.0,0.0,0.0,0.891,,72.73,4.7
Tigges,Dortmund,Forward,100.0,2,0.0,0.0,13.4,,,,,,,2.0,1.0,1.0,1.0,,,,,,,,19.0,9.0,57.5,0.0,4.0,1.0,0.0,0.0,,,,,,0.0,0.0,0.0,3.6,,47.37,7.09
Sarr,Chelsea,Defender,100.0,2,0.0,0.0,11.9,,,,,,,,,,,,,,1.0,1.0,0.0,9.0,82.0,71.0,90.0,0.0,,,,,,,,,,0.0,0.0,0.0,0.0,,86.59,10.29
Ranocchia,Inter,Defender,98.0,3,0.0,0.0,10.9,,,,,,,1.0,1.0,1.0,0.0,,,,0.0,0.0,0.0,5.0,38.0,31.0,83.3,0.0,2.0,1.0,0.0,0.0,,,,,,0.0,0.0,0.0,1.837,,81.58,9.42
Nikolov,Sheriff,Midfielder,97.0,5,1.0,0.0,14.6,1.0,0.0,0.0,0.0,1.0,0.0,3.0,1.0,1.0,1.0,,,,2.0,2.0,0.0,5.0,27.0,24.0,72.4,0.0,4.0,3.0,0.0,0.0,,,,,,0.928,0.0,0.928,3.711,,88.89,10.9
Zagadou,Dortmund,Defender,97.0,2,0.0,0.0,12.3,,,,,,,,,,,,,,0.0,0.0,0.0,7.0,111.0,103.0,87.0,100.0,2.0,0.0,1.0,0.0,,,,,,0.0,0.0,0.0,1.856,,92.79,9.93
Mata,Man. United,Midfielder,96.0,3,0.0,0.0,13.2,,,,,,,2.0,1.0,1.0,0.0,,,,1.0,1.0,0.0,4.0,55.0,47.0,57.0,0.0,,,,,,,,,,0.0,0.0,0.0,0.0,,85.45,7.12
Barkley,Chelsea,Midfielder,96.0,3,0.0,0.0,12.7,,,,,,,3.0,1.0,1.0,1.0,,,,0.0,0.0,0.0,3.0,69.0,61.0,89.3,37.0,,,,,,,,,,0.0,0.0,0.0,0.0,,88.41,10.2
Andriyevskiy,Dynamo Kyiv,Midfielder,94.0,2,0.0,0.0,12.9,,,,,,,,,,,,,,1.0,0.0,1.0,6.0,48.0,40.0,90.0,0.0,,,,,,,,,,0.0,0.0,0.0,0.0,,83.33,10.29
Vitinho,Dynamo Kyiv,Midfielder,93.0,3,0.0,0.0,13.5,,,,,,,1.0,0.0,1.0,0.0,,,,0.0,0.0,0.0,3.0,28.0,21.0,67.7,0.0,1.0,4.0,0.0,0.0,,,,,,0.0,0.0,0.0,0.968,,75.0,8.12
Mario Gaspar,Villarreal,Defender,93.0,2,0.0,0.0,10.8,,,,,,,,,,,,,,0.0,0.0,0.0,1.0,32.0,29.0,95.0,0.0,2.0,2.0,1.0,0.0,,,,,,0.0,0.0,0.0,1.935,,90.62,10.58
Verbič,Dynamo Kyiv,Midfielder,91.0,3,0.0,0.0,13.1,,,,,,,3.0,0.0,1.0,2.0,,,,2.0,1.0,1.0,4.0,26.0,18.0,35.7,0.0,3.0,4.0,1.0,0.0,,,,,,0.0,0.0,0.0,2.967,,69.23,4.98
Ballo,Milan,Defender,91.0,2,0.0,0.0,11.6,,,,,,,,,,,,,,2.0,1.0,1.0,7.0,31.0,27.0,81.0,0.0,2.0,2.0,0.0,0.0,,,,,,0.0,0.0,0.0,1.978,,87.1,9.36
Philipp,Wolfsburg,Forward,90.0,2,0.0,0.0,11.1,,,,,,,1.0,0.0,1.0,0.0,,,,1.0,1.0,0.0,1.0,9.0,7.0,44.0,0.0,,,,,,,,,,0.0,0.0,0.0,0.0,,77.78,5.61
Hateboer,Atalanta,Defender,90.0,1,0.0,0.0,11.8,,,,,,,,,,,,,,2.0,0.0,2.0,1.0,33.0,29.0,88.0,33.0,,,,,,,,,,0.0,0.0,0.0,0.0,,87.88,9.98
N'Koudou,Beşiktaş,Midfielder,90.0,1,0.0,0.0,10.9,,,,,,,1.0,0.0,0.0,1.0,,,,1.0,1.0,0.0,2.0,41.0,34.0,83.0,0.0,,,,,,,,,,0.0,0.0,0.0,0.0,,82.93,9.49
Egan-Riley,Man. City,Defender,90.0,1,0.0,0.0,10.8,,,,,,,,,,,,,,1.0,0.0,1.0,3.0,61.0,58.0,95.0,0.0,1.0,0.0,0.0,0.0,,,,,,0.0,0.0,0.0,1.0,,95.08,10.58
Shabanov,Dynamo Kyiv,Defender,90.0,1,0.0,0.0,10.7,,,,,,,,,,,,,,0.0,0.0,0.0,2.0,35.0,33.0,94.0,0.0,,,,,,,,,,0.0,0.0,0.0,0.0,,94.29,10.47
Bondar,Shakhtar Donetsk,Defender,90.0,1,0.0,0.0,10.2,,,,,,,1.0,0.0,1.0,0.0,,,,0.0,0.0,0.0,9.0,105.0,99.0,94.0,0.0,1.0,0.0,0.0,0.0,,,,,,0.0,0.0,0.0,1.0,,94.29,10.42
Lustenberger,Young Boys,Defender,90.0,1,0.0,0.0,10.2,,,,,,,1.0,0.0,1.0,0.0,,,,2.0,2.0,0.0,3.0,68.0,57.0,84.0,0.0,,,,,,,,,,0.0,0.0,0.0,0.0,,83.82,9.62
Serdar Saatçı,Beşiktaş,Defender,90.0,1,0.0,0.0,9.5,,,,,,,1.0,0.0,1.0,0.0,,,,0.0,0.0,0.0,9.0,22.0,18.0,82.0,0.0,,,,,,,,,,0.0,0.0,0.0,0.0,,81.82,9.15
Vitão,Shakhtar Donetsk,Defender,90.0,1,0.0,0.0,9.4,,,,,,,,,,,,,,1.0,0.0,1.0,3.0,73.0,68.0,93.0,0.0,1.0,0.0,1.0,0.0,,,,,,0.0,0.0,0.0,1.0,,93.15,10.24
Ulreich,Bayern,Goalkeeper,90.0,1,0.0,0.0,6.2,,,,,,,,,,,,,,,,,,32.0,31.0,97.0,0.0,,,,,4.0,1.0,0.0,0.0,2.0,0.0,0.0,0.0,0.0,0.8,96.88,10.32
Martínez,Leipzig,Goalkeeper,90.0,1,0.0,0.0,6.0,,,,,,,,,,,,,,,,,,28.0,15.0,54.0,0.0,,,,,3.0,0.0,1.0,0.0,0.0,0.0,0.0,0.0,0.0,1.0,53.57,6.0
Pervan,Wolfsburg,Goalkeeper,90.0,1,0.0,0.0,5.7,,,,,,,,,,,,,,,,,,40.0,25.0,62.0,0.0,,,,,5.0,2.0,0.0,0.0,0.0,0.0,0.0,0.0,0.0,0.714,62.5,6.77
Kepa,Chelsea,Goalkeeper,90.0,1,0.0,0.0,5.6,,,,,,,,,,,,,,,,,,28.0,21.0,75.0,0.0,,,,,13.0,3.0,0.0,0.0,0.0,0.0,0.0,0.0,0.0,0.812,75.0,8.06
João Virginia,Sporting CP,Goalkeeper,90.0,1,0.0,0.0,5.4,,,,,,,,,,,,,,,,,,36.0,28.0,78.0,0.0,,,,,3.0,4.0,0.0,0.0,0.0,0.0,0.0,0.0,0.0,0.429,77.78,8.34
Günok,Beşiktaş,Goalkeeper,90.0,1,0.0,0.0,4.8,,,,,,,,,,,,,,,,,,38.0,25.0,66.0,0.0,,,,,4.0,2.0,0.0,0.0,0.0,0.0,0.0,0.0,0.0,0.667,65.79,7.08
Celeadnic,Sheriff,Goalkeeper,90.0,1,0.0,0.0,4.7,,,,,,,,,,,,,,,,,,31.0,25.0,81.0,0.0,,,,,6.0,3.0,0.0,0.0,1.0,0.0,0.0,0.0,0.0,0.667,80.65,8.57
Boyko,Dynamo Kyiv,Goalkeeper,90.0,1,0.0,0.0,4.5,,,,,,,,,,,,,,,,,,31.0,23.0,83.0,0.0,,,,,4.0,0.0,1.0,0.0,2.0,0.0,0.0,0.0,0.0,1.0,74.19,8.75
Perin,Juventus,Goalkeeper,90.0,1,0.0,0.0,4.3,,,,,,,,,,,,,,,,,,19.0,15.0,79.0,0.0,,,,,2.0,0.0,1.0,0.0,0.0,0.0,0.0,0.0,0.0,1.0,78.95,8.33
Steffen,Man. City,Goalkeeper,90.0,1,0.0,0.0,4.0,,,,,,,,,,,,,,,,,,25.0,23.0,92.0,0.0,,,,,3.0,2.0,0.0,0.0,1.0,0.0,0.0,0.0,0.0,0.6,92.0,9.6
Nanasi,Malmö,Midfielder,89.0,2,0.0,0.0,12.4,,,,,,,1.0,0.0,0.0,1.0,,,,,,,,,,,,,,,,,,,,,0.0,0.0,0.0,0.0,,,1.24
Florenzi,Milan,Defender,824.0,4,0.0,0.0,12.6,,,,,,,3.0,0.0,3.0,0.0,,,,0.0,0.0,0.0,4.0,,,,,1.0,1.0,0.0,0.0,,,,,,0.0,0.0,0.0,0.109,,,1.26
Olmo,Leipzig,Forward,88.0,2,0.0,1.0,10.9,,,,,,,2.0,0.0,1.0,1.0,0.0,0.0,5.0,0.0,0.0,0.0,1.0,,,,,3.0,4.0,0.0,0.0,,,,,,0.0,1.023,1.023,3.068,,,2.09
Fábio Vieira,Porto,Midfielder,85.0,2,0.0,1.0,11.0,,,,,,,1.0,1.0,0.0,0.0,0.0,0.0,3.0,1.0,0.0,1.0,2.0,,,,,1.0,3.0,0.0,0.0,,,,,,0.0,1.059,1.059,1.059,,,2.1
Bondarenko,Shakhtar Donetsk,Midfielder,84.0,2,0.0,0.0,11.8,,,,,,,2.0,0.0,2.0,0.0,,,,2.0,0.0,2.0,2.0,,,,,1.0,2.0,0.0,0.0,,,,,,0.0,0.0,0.0,1.071,,,1.18
Piątkowski,Salzburg,Defender,84.0,2,0.0,0.0,9.8,,,,,,,,,,,,,,0.0,0.0,0.0,3.0,,,,,1.0,1.0,0.0,0.0,,,,,,0.0,0.0,0.0,1.071,,,0.98
Nalić,Malmö,Midfielder,83.0,5,0.0,0.0,13.6,,,,,,,,,,,,,,0.0,0.0,0.0,5.0,,,,,,,,,,,,,,0.0,0.0,0.0,0.0,,,1.36
Korniienko,Shakhtar Donetsk,Defender,83.0,2,0.0,0.0,11.2,,,,,,,1.0,0.0,1.0,0.0,,,,1.0,0.0,1.0,3.0,,,,,,,,,,,,,,0.0,0.0,0.0,0.0,,,1.12
En-Nesyri,Sevilla,Forward,83.0,2,0.0,0.0,34.55,,,,,,,3.0,0.0,2.0,1.0,,,,,,,,,,,,5.0,3.0,1.0,1.0,,,,,,0.0,0.0,0.0,5.422,,,3.455
Supryaha,Dynamo Kyiv,Forward,81.0,2,0.0,0.0,10.9,,,,,,,,,,,,,,3.0,1.0,2.0,1.0,,,,,2.0,2.0,0.0,0.0,,,,,,0.0,0.0,0.0,2.222,,,1.19
De Winter,Juventus,Defender,81.0,2,0.0,0.0,10.8,,,,,,,,,,,,,,1.0,1.0,0.0,5.0,,,,,1.0,1.0,0.0,0.0,,,,,,0.0,0.0,0.0,1.111,,,1.18
Kulusevski,Juventus,Midfielder,80.0,5,1.0,0.0,14.3,0.0,0.0,1.0,0.0,1.0,0.0,1.0,1.0,0.0,0.0,,,,1.0,1.0,0.0,2.0,,,,,6.0,0.0,1.0,0.0,,,,,,1.125,0.0,1.125,6.75,,,3.53
Augustinsson,Sevilla,Defender,80.0,3,0.0,0.0,11.1,,,,,,,,,,,,,,2.0,0.0,2.0,5.0,,,,,2.0,3.0,1.0,0.0,,,,,,0.0,0.0,0.0,2.25,,,1.11
Radeljić,Sheriff,Defender,79.0,3,0.0,0.0,10.2,,,,,,,,,,,,,,1.0,1.0,0.0,3.0,,,,,,,,,,,,,,0.0,0.0,0.0,0.0,,,1.12
Jovane Cabral,Sporting CP,Forward,79.0,3,0.0,0.0,9.8,,,,,,,,,,,,,,0.0,0.0,0.0,2.0,,,,,2.0,0.0,0.0,0.0,,,,,,0.0,0.0,0.0,2.278,,,0.98
Marc Roca,Bayern,Defender,78.0,4,0.0,0.0,11.6,,,,,,,,,,,,,,1.0,1.0,1.0,6.0,,,,,4.0,0.0,0.0,0.0,,,,,,0.0,0.0,0.0,4.615,,,1.26
Kanga,Young Boys,Forward,75.0,5,0.0,0.0,10.1,,,,,,,2.0,0.0,1.0,1.0,,,,,,,,,,,,4.0,1.0,1.0,0.0,,,,,,0.0,0.0,0.0,4.8,,,1.01
Cavani,Man. United,Forward,75.0,4,0.0,0.0,11.7,,,,,,,1.0,0.0,1.0,0.0,,,,,,,,,,,,2.0,1.0,1.0,0.0,,,,,,0.0,0.0,0.0,2.4,,,1.17
Gökhan Töre,Beşiktaş,Midfielder,75.0,4,0.0,0.0,11.2,,,,,,,,,,,,,,0.0,0.0,0.0,3.0,,,,,,,,,,,,,,0.0,0.0,0.0,0.0,,,1.12
Emre Can,Dortmund,Defender,74.0,2,0.0,0.0,8.4,,,,,,,,,,,,,,0.0,1.0,0.0,2.0,,,,,1.0,1.0,0.0,1.0,,,,,,0.0,0.0,0.0,1.216,,,0.94
Alcácer,Villarreal,Forward,73.0,3,1.0,0.0,10.0,1.0,0.0,0.0,0.0,1.0,0.0,4.0,2.0,1.0,1.0,,,,0.0,0.0,0.0,2.0,,,,,1.0,0.0,0.0,0.0,,,,,,1.233,0.0,1.233,1.233,,,3.0
Esteves,Sporting CP,Defender,73.0,1,0.0,0.0,8.4,,,,,,,1.0,0.0,0.0,1.0,,,,1.0,0.0,1.0,2.0,,,,,1.0,2.0,0.0,0.0,,,,,,0.0,0.0,0.0,1.233,,,0.84
Rensch,Ajax,Defender,71.0,5,0.0,0.0,13.8,,,,,,,,,,,,,,5.0,2.0,3.0,8.0,,,,,2.0,0.0,0.0,0.0,,,,,,0.0,0.0,0.0,2.535,,,1.58
Ferran Torres,Man. City,Forward,71.0,1,0.0,0.0,8.1,,,,,,,3.0,1.0,0.0,2.0,,,,,,,,,,,,1.0,0.0,0.0,0.0,,,,,,0.0,0.0,0.0,1.268,,,0.81
Kehrer,Paris,Defender,70.0,4,0.0,0.0,8.3,,,,,,,,,,,,,,3.0,0.0,1.0,5.0,,,,,1.0,0.0,1.0,0.0,,,,,,0.0,0.0,0.0,1.286,,,0.83
Krugovoi,Zenit,Defender,68.0,6,0.0,0.0,11.8,,,,,,,1.0,0.0,0.0,1.0,,,,0.0,0.0,0.0,7.0,,,,,1.0,2.0,0.0,0.0,,,,,,0.0,0.0,0.0,1.324,,,1.18
Dost,Club Brugge,Forward,68.0,3,0.0,0.0,8.6,,,,,,,2.0,1.0,1.0,0.0,,,,,,,,,,,,2.0,1.0,0.0,0.0,,,,,,0.0,0.0,0.0,2.647,,,0.86
Diallo,Man. United,Midfielder,68.0,1,0.0,0.0,8.3,,,,,,,2.0,1.0,0.0,1.0,,,,0.0,0.0,2.0,4.0,,,,,1.0,1.0,0.0,0.0,,,,,,0.0,0.0,0.0,1.324,,,0.83
Henderson,Man. United,Goalkeeper,68.0,1,0.0,0.0,4.4,,,,,,,,,,,,,,,,,,,,,,,,,,3.0,1.0,0.0,0.0,1.0,0.0,0.0,0.0,0.0,0.75,,0.44
Martial,Man. United,Forward,67.0,2,0.0,0.0,7.1,,,,,,,,,,,,,,,,,,,,,,,,,,,,,,,0.0,0.0,0.0,0.0,,,0.71
Gagliardini,Inter,Midfielder,66.0,5,0.0,0.0,11.6,,,,,,,,,,,,,,3.0,2.0,1.0,2.0,,,,,1.0,1.0,1.0,0.0,,,,,,0.0,0.0,0.0,1.364,,,1.36
Rúben Vinagre,Sporting CP,Forward,63.0,2,0.0,0.0,7.8,,,,,,,,,,,,,,,,,,,,,,,,,,,,,,,0.0,0.0,0.0,0.0,,,0.78
Mambimbi,Young Boys,Forward,60.0,4,0.0,0.0,9.4,,,,,,,1.0,0.0,0.0,1.0,,,,2.0,0.0,2.0,1.0,,,,,4.0,0.0,0.0,0.0,,,,,,0.0,0.0,0.0,6.0,,,0.94
Moriba,Leipzig,Midfielder,60.0,3,0.0,0.0,8.7,,,,,,,2.0,0.0,0.0,2.0,,,,4.0,2.0,2.0,1.0,,,,,2.0,2.0,1.0,0.0,,,,,,0.0,0.0,0.0,3.0,,,1.07
Passlack,Dortmund,Midfielder,60.0,2,0.0,0.0,7.6,,,,,,,1.0,0.0,0.0,1.0,,,,0.0,0.0,0.0,3.0,,,,,,,,,,,,,,0.0,0.0,0.0,0.0,,,0.76
Bakayoko,Milan,Defender,56.0,3,0.0,0.0,8.1,,,,,,,2.0,0.0,1.0,1.0,,,,1.0,0.0,1.0,3.0,,,,,4.0,4.0,1.0,0.0,,,,,,0.0,0.0,0.0,6.429,,,0.81
Pezzella,Atalanta,Defender,56.0,3,0.0,0.0,8.1,,,,,,,2.0,1.0,1.0,0.0,,,,0.0,0.0,0.0,2.0,,,,,1.0,2.0,0.0,0.0,,,,,,0.0,0.0,0.0,1.607,,,0.81
Sudakov,Shakhtar Donetsk,Midfielder,56.0,2,0.0,0.0,8.3,,,,,,,3.0,1.0,0.0,2.0,,,,0.0,0.0,0.0,2.0,,,,,1.0,1.0,0.0,0.0,,,,,,0.0,0.0,0.0,1.607,,,0.83
Sandra,Club Brugge,Midfielder,56.0,1,0.0,0.0,6.9,,,,,,,1.0,1.0,0.0,0.0,,,,,,,,,,,,,,,,,,,,,0.0,0.0,0.0,0.0,,,0.69
Mbamba-Muanda,Club Brugge,Defender,55.0,3,0.0,0.0,8.7,,,,,,,,,,,,,,1.0,0.0,1.0,3.0,,,,,,,,,,,,,,0.0,0.0,0.0,0.0,,,0.87
Shepeliev,Dynamo Kyiv,Midfielder,54.0,2,0.0,0.0,8.7,,,,,,,,,,,,,,2.0,1.0,1.0,5.0,,,,,3.0,0.0,0.0,0.0,,,,,,0.0,0.0,0.0,5.0,,,0.97
Richards,Bayern,Defender,52.0,4,0.0,0.0,8.5,,,,,,,,,,,,,,8.0,2.0,6.0,9.0,,,,,3.0,0.0,1.0,0.0,,,,,,0.0,0.0,0.0,5.192,,,1.05
Julien,Sheriff,Defender,52.0,3,0.0,0.0,7.2,,,,,,,1.0,1.0,0.0,0.0,,,,0.0,0.0,0.0,1.0,,,,,,,,,,,,,,0.0,0.0,0.0,0.0,,,0.72
Oğuzhan Özyakup,Beşiktaş,Midfielder,52.0,2,0.0,0.0,7.4,,,,,,,,,,,,,,1.0,0.0,1.0,1.0,,,,,,,,,,,,,,0.0,0.0,0.0,0.0,,,0.74
Daramy,Ajax,Forward,52.0,2,0.0,0.0,6.4,,,,,,,4.0,1.0,3.0,0.0,,,,0.0,0.0,0.0,1.0,,,,,,,,,,,,,,0.0,0.0,0.0,0.0,,,0.64
Henrichs,Leipzig,Defender,51.0,4,0.0,0.0,7.2,,,,,,,2.0,0.0,2.0,0.0,,,,1.0,1.0,0.0,3.0,,,,,1.0,0.0,0.0,0.0,,,,,,0.0,0.0,0.0,1.765,,,0.82
Choupo-Moting,Bayern,Midfielder,49.0,4,1.0,0.0,6.7,0.0,0.0,1.0,0.0,1.0,0.0,3.0,1.0,1.0,1.0,,,,,,,,,,,,2.0,1.0,0.0,0.0,,,,,,1.837,0.0,1.837,3.673,,,2.67
Yusuf Yazıcı,LOSC,Midfielder,47.0,4,0.0,0.0,8.7,,,,,,,1.0,0.0,0.0,1.0,,,,0.0,0.0,0.0,1.0,,,,,2.0,2.0,1.0,0.0,,,,,,0.0,0.0,0.0,3.83,,,0.87
Icardi,Paris,Forward,47.0,3,0.0,0.0,6.5,,,,,,,1.0,0.0,1.0,0.0,,,,,,,,,,,,,,,,,,,,,0.0,0.0,0.0,0.0,,,0.65
McAtee,Man. City,Midfielder,45.0,1,0.0,0.0,6.2,,,,,,,,,,,,,,1.0,1.0,0.0,1.0,,,,,1.0,2.0,0.0,0.0,,,,,,0.0,0.0,0.0,2.0,,,0.72
Lovato,Atalanta,Defender,45.0,1,0.0,0.0,5.3,,,,,,,,,,,,,,0.0,0.0,0.0,5.0,,,,,1.0,0.0,1.0,0.0,,,,,,0.0,0.0,0.0,2.0,,,0.53
Palmer,Man. City,Midfielder,40.0,3,1.0,0.0,34.55,0.0,1.0,0.0,0.0,1.0,0.0,2.0,2.0,0.0,0.0,,,,0.0,0.0,0.0,2.0,,,,,,,,,,,,,,2.25,0.0,2.25,0.0,,,5.455
Paulo Bernardo,Benfica,Midfielder,39.0,5,0.0,0.0,8.3,,,,,,,,,,,,,,0.0,0.0,0.0,1.0,,,,,,,,,,,,,,0.0,0.0,0.0,0.0,,,0.83
Kjærgaard,Salzburg,Midfielder,38.0,4,1.0,0.0,7.9,0.0,1.0,0.0,0.0,1.0,0.0,1.0,1.0,0.0,0.0,,,,1.0,0.0,1.0,1.0,,,,,2.0,0.0,1.0,0.0,,,,,,2.368,0.0,2.368,4.737,,,2.79
Taylor,Ajax,Midfielder,38.0,3,0.0,0.0,6.6,,,,,,,,,,,,,,1.0,0.0,1.0,1.0,,,,,3.0,0.0,0.0,0.0,,,,,,0.0,0.0,0.0,7.105,,,0.66
Francisco Conceição,Porto,Forward,37.0,2,0.0,0.0,5.4,,,,,,,1.0,0.0,0.0,1.0,,,,,,,,,,,,1.0,0.0,1.0,0.0,,,,,,0.0,0.0,0.0,2.432,,,0.54
F. Nmecha,Wolfsburg,Midfielder,36.0,2,0.0,0.0,6.6,,,,,,,,,,,,,,0.0,0.0,0.0,1.0,,,,,1.0,1.0,0.0,0.0,,,,,,0.0,0.0,0.0,2.5,,,0.66
Pepê,Porto,Forward,34.0,3,0.0,0.0,5.7,,,,,,,,,,,,,,0.0,0.0,0.0,1.0,,,,,,,,,,,,,,0.0,0.0,0.0,0.0,,,0.57
Al. Miranchuk,Atalanta,Forward,33.0,2,0.0,1.0,4.8,,,,,,,,,,,0.0,0.0,2.0,1.0,1.0,0.0,2.0,,,,,1.0,1.0,0.0,0.0,,,,,,0.0,2.727,2.727,2.727,,,1.58
Edwards,Sporting CP,Forward,32.0,1,0.0,0.0,4.0,,,,,,,1.0,1.0,0.0,0.0,,,,0.0,0.0,0.0,1.0,,,,,,,,,,,,,,0.0,0.0,0.0,0.0,,,0.4
Radonjić,Benfica,Forward,31.0,1,0.0,0.0,3.9,,,,,,,1.0,0.0,0.0,1.0,,,,,,,,,,,,1.0,0.0,0.0,0.0,,,,,,0.0,0.0,0.0,2.903,,,0.39
Mengi,Man. United,Defender,29.0,1,0.0,0.0,34.55,,,,,,,,,,,,,,1.0,1.0,0.0,1.0,,,,,,,,,,,,,,0.0,0.0,0.0,0.0,,,3.555
Wesley,Club Brugge,Forward,26.0,2,0.0,0.0,3.7,,,,,,,,,,,,,,,,,,,,,,,,,,,,,,,0.0,0.0,0.0,0.0,,,0.37
Mandi,Villarreal,Defender,24.0,2,0.0,0.0,3.7,,,,,,,,,,,,,,,,,,,,,,,,,,,,,,,0.0,0.0,0.0,0.0,,,0.37
Kudus,Ajax,Midfielder,24.0,2,0.0,0.0,3.5,,,,,,,1.0,0.0,1.0,0.0,,,,0.0,0.0,0.0,1.0,,,,,,,,,,,,,,0.0,0.0,0.0,0.0,,,0.35
Novoa,Leipzig,Midfielder,24.0,1,0.0,1.0,34.55,,,,,,,1.0,1.0,0.0,0.0,0.0,0.0,1.0,,,,,,,,,,,,,,,,,,0.0,3.75,3.75,0.0,,,4.455
Lihadji,LOSC,Forward,23.0,3,0.0,0.0,4.5,,,,,,,,,,,,,,,,,,,,,,,,,,,,,,,0.0,0.0,0.0,0.0,,,0.45
Bernardo,Salzburg,Defender,23.0,2,0.0,1.0,4.2,,,,,,,,,,,0.0,0.0,0.0,0.0,0.0,0.0,2.0,,,,,,,,,,,,,,0.0,3.913,3.913,0.0,,,1.42
Tijani,Salzburg,Midfielder,23.0,1,0.0,0.0,3.1,,,,,,,,,,,,,,2.0,1.0,1.0,2.0,,,,,,,,,,,,,,0.0,0.0,0.0,0.0,,,0.41
Ben Arfa,LOSC,Midfielder,22.0,2,0.0,0.0,3.6,,,,,,,1.0,0.0,0.0,1.0,,,,,,,,,,,,1.0,1.0,1.0,0.0,,,,,,0.0,0.0,0.0,4.091,,,0.36
Óscar Rodríguez,Sevilla,Midfielder,22.0,1,0.0,0.0,3.8,,,,,,,1.0,0.0,1.0,0.0,,,,1.0,0.0,1.0,2.0,,,,,,,,,,,,,,0.0,0.0,0.0,0.0,,,0.38
Shoretire,Man. United,Midfielder,22.0,1,0.0,0.0,3.3,,,,,,,,,,,,,,0.0,0.0,0.0,1.0,,,,,1.0,3.0,1.0,0.0,,,,,,0.0,0.0,0.0,4.091,,,0.33
Heaton,Man. United,Goalkeeper,22.0,1,0.0,0.0,1.9,,,,,,,,,,,,,,,,,,,,,,,,,,,,,,,0.0,0.0,0.0,0.0,,,0.19
Stanišić,Bayern,Defender,21.0,2,0.0,1.0,3.6,,,,,,,,,,,0.0,0.0,0.0,,,,,,,,,,,,,,,,,,0.0,4.286,4.286,0.0,,,1.36
Knauff,Dortmund,Midfielder,20.0,3,0.0,0.0,5.1,,,,,,,1.0,0.0,1.0,0.0,,,,4.0,2.0,2.0,1.0,,,,,3.0,1.0,1.0,0.0,,,,,,0.0,0.0,0.0,13.5,,,0.71
Maldini,Milan,Forward,20.0,3,0.0,0.0,4.2,,,,,,,,,,,,,,2.0,1.0,1.0,3.0,,,,,,,,,,,,,,0.0,0.0,0.0,0.0,,,0.52
Moukoko,Dortmund,Forward,20.0,1,0.0,0.0,3.2,,,,,,,2.0,0.0,1.0,1.0,,,,0.0,0.0,0.0,1.0,,,,,2.0,0.0,1.0,0.0,,,,,,0.0,0.0,0.0,9.0,,,0.32
Iván Romero,Sevilla,Forward,20.0,1,0.0,0.0,2.7,,,,,,,,,,,,,,,,,,,,,,,,,,,,,,,0.0,0.0,0.0,0.0,,,0.27
Flávio Nazinho,Sporting CP,Defender,19.0,2,0.0,0.0,4.0,,,,,,,1.0,0.0,1.0,0.0,,,,1.0,1.0,0.0,3.0,,,,,,,,,,,,,,0.0,0.0,0.0,0.0,,,0.5
Balde,Barcelona,Defender,19.0,2,0.0,0.0,3.7,,,,,,,1.0,0.0,1.0,0.0,,,,,,,,,,,,1.0,0.0,0.0,0.0,,,,,,0.0,0.0,0.0,4.737,,,0.37
Tillman,Bayern,Midfielder,18.0,2,0.0,0.0,3.6,,,,,,,,,,,,,,,,,,,,,,,,,,,,,,,0.0,0.0,0.0,0.0,,,0.36
Peña,Villarreal,Defender,18.0,2,0.0,0.0,3.3,,,,,,,,,,,,,,2.0,1.0,1.0,2.0,,,,,1.0,0.0,1.0,0.0,,,,,,0.0,0.0,0.0,5.0,,,0.43
Ricard Puig,Barcelona,Midfielder,17.0,1,0.0,0.0,2.4,,,,,,,,,,,,,,1.0,1.0,1.0,1.0,,,,,,,,,,,,,,0.0,0.0,0.0,0.0,,,0.34
Berkay Vardar,Beşiktaş,Midfielder,17.0,1,0.0,0.0,1.9,,,,,,,,,,,,,,,,,,,,,,,,,,,,,,,0.0,0.0,0.0,0.0,,,0.19
Carson,Man. City,Goalkeeper,17.0,1,0.0,0.0,1.1,,,,,,,,,,,,,,,,,,,,,,,,,,1.0,0.0,1.0,0.0,0.0,0.0,0.0,0.0,0.0,1.0,,0.11
Eric Ramirez,Dynamo Kyiv,Forward,16.0,2,0.0,0.0,2.7,,,,,,,,,,,,,,,,,,,,,,1.0,0.0,0.0,0.0,,,,,,0.0,0.0,0.0,5.625,,,0.27
Cojocaru,Sheriff,Midfielder,15.0,2,0.0,0.0,3.6,,,,,,,,,,,,,,1.0,0.0,1.0,1.0,,,,,1.0,0.0,1.0,0.0,,,,,,0.0,0.0,0.0,6.0,,,0.36
Javi Serrano,Atlético,Midfielder,15.0,1,0.0,0.0,2.4,,,,,,,,,,,,,,,,,,,,,,,,,,,,,,,0.0,0.0,0.0,0.0,,,0.24
Agüero,Barcelona,Forward,15.0,1,0.0,0.0,1.9,,,,,,,1.0,0.0,0.0,1.0,,,,,,,,,,,,,,,,,,,,,0.0,0.0,0.0,0.0,,,0.19
Ramsey,Juventus,Midfielder,14.0,2,0.0,0.0,3.2,,,,,,,,,,,,,,,,,,,,,,1.0,0.0,1.0,0.0,,,,,,0.0,0.0,0.0,6.429,,,0.32
Kravtsov,Zenit,Midfielder,14.0,2,0.0,0.0,3.0,,,,,,,,,,,,,,0.0,0.0,0.0,1.0,,,,,,,,,,,,,,0.0,0.0,0.0,0.0,,,0.3
Bradarić,LOSC,Defender,13.0,1,0.0,0.0,2.0,,,,,,,,,,,,,,1.0,0.0,1.0,1.0,,,,,1.0,0.0,0.0,0.0,,,,,,0.0,0.0,0.0,6.923,,,0.2
Ozdoev,Zenit,Midfielder,11.0,1,1.0,0.0,2.2,1.0,0.0,0.0,0.0,0.0,1.0,1.0,1.0,0.0,0.0,,,,0.0,0.0,0.0,2.0,,,,,,,,,,,,,,8.182,0.0,8.182,0.0,,,2.22
Bruno Costa,Porto,Midfielder,11.0,1,0.0,0.0,2.0,,,,,,,,,,,,,,,,,,,,,,,,,,,,,,,0.0,0.0,0.0,0.0,,,0.2
Raba,Villarreal,Midfielder,11.0,1,0.0,0.0,1.7,,,,,,,,,,,,,,,,,,,,,,,,,,,,,,,0.0,0.0,0.0,0.0,,,0.17
Iborra,Villarreal,Midfielder,10.0,1,0.0,0.0,1.8,,,,,,,,,,,,,,0.0,0.0,0.0,2.0,,,,,1.0,0.0,0.0,0.0,,,,,,0.0,0.0,0.0,9.0,,,0.18
Bonnah,Leipzig,Midfielder,10.0,1,0.0,0.0,1.6,,,,,,,,,,,,,,1.0,1.0,0.0,1.0,,,,,,,,,,,,,,0.0,0.0,0.0,0.0,,,0.26
Sensi,Inter,Midfielder,9.0,2,0.0,0.0,2.2,,,,,,,3.0,1.0,1.0,0.0,,,,,,,,,,,,,,,,,,,,,0.0,0.0,0.0,0.0,,,0.22
Lednev,Dynamo Kyiv,Midfielder,9.0,1,0.0,0.0,2.1,,,,,,,,,,,,,,,,,,,,,,,,,,,,,,,0.0,0.0,0.0,0.0,,,0.21
Zhegrova,LOSC,Midfielder,9.0,1,0.0,0.0,1.9,,,,,,,,,,,,,,0.0,0.0,0.0,1.0,,,,,1.0,0.0,0.0,0.0,,,,,,0.0,0.0,0.0,10.0,,,0.19
Seferović,Benfica,Forward,9.0,1,0.0,0.0,1.8,,,,,,,3.0,1.0,1.0,1.0,,,,,,,,,,,,,,,,,,,,,0.0,0.0,0.0,0.0,,,0.18
Zakaria,Juventus,Midfielder,9.0,1,0.0,0.0,1.8,,,,,,,,,,,,,,0.0,0.0,0.0,1.0,,,,,,,,,,,,,,0.0,0.0,0.0,0.0,,,0.18
Dário Essugo,Sporting CP,Midfielder,9.0,1,0.0,0.0,34.55,,,,,,,,,,,,,,0.0,0.0,0.0,1.0,,,,,,,,,,,,,,0.0,0.0,0.0,0.0,,,3.455
Spielmann,Young Boys,Midfielder,8.0,1,0.0,0.0,1.5,,,,,,,,,,,,,,,,,,,,,,,,,,,,,,,0.0,0.0,0.0,0.0,,,0.15
Izquierdo,Club Brugge,Forward,8.0,1,0.0,0.0,1.3,,,,,,,1.0,0.0,0.0,1.0,,,,,,,,,,,,,,,,,,,,,0.0,0.0,0.0,0.0,,,0.13
Chiellini,Juventus,Defender,7.0,1,0.0,0.0,1.3,,,,,,,,,,,,,,,,,,,,,,1.0,0.0,0.0,0.0,,,,,,0.0,0.0,0.0,12.857,,,0.13
Dina Ebimbe,Paris,Midfielder,7.0,1,0.0,0.0,1.2,,,,,,,1.0,0.0,0.0,1.0,,,,,,,,,,,,,,,,,,,,,0.0,0.0,0.0,0.0,,,0.12
Sulejmani,Young Boys,Midfielder,7.0,1,0.0,0.0,34.55,,,,,,,,,,,,,,,,,,,,,,,,,,,,,,,0.0,0.0,0.0,0.0,,,3.455
Delap,Man. City,Forward,6.0,1,0.0,0.0,1.2,,,,,,,,,,,,,,0.0,0.0,0.0,1.0,,,,,2.0,0.0,0.0,0.0,,,,,,0.0,0.0,0.0,30.0,,,0.12
Mbete,Man. City,Defender,6.0,1,0.0,0.0,1.1,,,,,,,,,,,,,,,,,,,,,,,,,,,,,,,0.0,0.0,0.0,0.0,,,0.11
Kolarov,Inter,Defender,5.0,1,0.0,0.0,1.1,,,,,,,,,,,,,,,,,,,,,,,,,,,,,,,0.0,0.0,0.0,0.0,,,0.11
Šimić,Salzburg,Forward,4.0,1,0.0,0.0,1.3,,,,,,,1.0,0.0,0.0,1.0,,,,,,,,,,,,,,,,,,,,,0.0,0.0,0.0,0.0,,,0.13
Guindo,Salzburg,Defender,4.0,1,0.0,0.0,1.2,,,,,,,,,,,,,,1.0,1.0,0.0,1.0,,,,,,,,,,,,,,0.0,0.0,0.0,0.0,,,0.22
Dentinho,Shakhtar Donetsk,Midfielder,4.0,1,0.0,0.0,1.0,,,,,,,,,,,,,,,,,,,,,,1.0,0.0,1.0,0.0,,,,,,0.0,0.0,0.0,22.5,,,0.1
Shevchenko,Shakhtar Donetsk,Goalkeeper,4.0,1,0.0,0.0,0.5,,,,,,,,,,,,,,,,,,,,,,,,,,1.0,1.0,0.0,0.0,0.0,0.0,0.0,0.0,0.0,0.5,,0.05
Maier,Young Boys,Midfielder,3.0,1,0.0,0.0,1.3,,,,,,,1.0,0.0,1.0,0.0,,,,0.0,0.0,0.0,1.0,,,,,,,,,,,,,,0.0,0.0,0.0,0.0,,,0.13
Luca Pellegrini,Juventus,Defender,458.0,1,0.0,0.0,1.0,,,,,,,,,,,,,,,,,,,,,,,,,,,,,,,0.0,0.0,0.0,0.0,,,0.1
Kuznetsov,Zenit,Forward,3.0,1,0.0,0.0,0.9,,,,,,,1.0,0.0,0.0,1.0,,,,0.0,0.0,0.0,1.0,,,,,,,,,,,,,,0.0,0.0,0.0,0.0,,,0.09
Eile,Malmö,Defender,3.0,1,0.0,0.0,0.8,,,,,,,,,,,,,,,,,,,,,,,,,,,,,,,0.0,0.0,0.0,0.0,,,0.08
Ginczek,Wolfsburg,Forward,2.0,1,0.0,0.0,1.1,,,,,,,,,,,,,,,,,,,,,,,,,,,,,,,0.0,0.0,0.0,0.0,,,0.11
Savage,Man. United,Midfielder,1.0,1,0.0,0.0,1.0,,,,,,,,,,,,,,,,,,,,,,,,,,,,,,,0.0,0.0,0.0,0.0,,,0.1
Iqbal,Man. United,Midfielder,1.0,1,0.0,0.0,1.0,,,,,,,,,,,,,,,,,,,,,,,,,,,,,,,0.0,0.0,0.0,0.0,,,0.1
Da Graca,Juventus,Forward,1.0,1,0.0,0.0,0.8,,,,,,,,,,,,,,,,,,,,,,,,,,,,,,,0.0,0.0,0.0,0.0,,,0.08
Miretti,Juventus,Midfielder,1.0,1,0.0,0.0,0.8,,,,,,,,,,,,,,0.0,0.0,0.0,1.0,,,,,,,,,,,,,,0.0,0.0,0.0,0.0,,,0.08
Gil Dias,Benfica,Midfielder,1.0,1,0.0,0.0,0.7,,,,,,,,,,,,,,,,,,,,,,,,,,,,,,,0.0,0.0,0.0,0.0,,,0.07
Rodrigo Ribeiro,Sporting CP,Forward,1.0,1,0.0,0.0,0.7,,,,,,,,,,,,,,,,,,,,,,,,,,,,,,,0.0,0.0,0.0,0.0,,,0.07
Cojocari,Sheriff,Defender,1.0,1,0.0,0.0,0.5,,,,,,,,,,,,,,,,,,,,,,,,,,,,,,,0.0,0.0,0.0,0.0,,,0.05
Maouassa,Club Brugge,Defender,1.0,1,0.0,0.0,0.2,,,,,,,,,,,,,,,,,,,,,,,,,,,,,,,0.0,0.0,0.0,0.0,,,0.02
Zesiger,Young Boys,Defender,1.0,1,0.0,0.0,34.55,,,,,,,,,,,,,,0.0,0.0,0.0,1.0,,,,,,,,,,,,,,0.0,0.0,0.0,0.0,,,3.455
